Item Details,Apr,May,Jun,Jul,Aug,Sep,Oct,Nov,Dec,Jan,Feb,Mar,Total Qty.
Additional Trade Margin,0.0,0.0,0.0,0.0,0.0,0.0,0.0,0.0,0.0,0.0,0.0,0.0,0.0
BAMBINO GULAB JAMUN MIX 180GM 1+1,273.0,1422.0,348.0,936.0,990.0,87.0,1402.0,872.0,818.0,468.0,117.0,3698.0,11431.0
BAMBINO INS. PASTA CHEESE 65GM,0.0,0.0,0.0,0.0,0.0,0.0,663.0,507.0,78.0,468.0,0.0,598.0,2314.0
BAMBINO INS. PASTA MASALA 65GM,0.0,0.0,0.0,0.0,0.0,0.0,741.0,429.0,156.0,390.0,78.0,156.0,1950.0
BAMBINO INS. PASTA TOMATO 65GM,0.0,0.0,0.0,0.0,0.0,0.0,780.0,390.0,78.0,468.0,78.0,429.0,2223.0
BAMBINO KHEER MIX 180GM,0.0,0.0,0.0,0.0,0.0,0.0,0.0,152.0,168.0,141.0,76.0,390.0,927.0
BAMBINO MACARONI 200 GM,2391.0,2884.0,4802.0,2832.0,719.0,0.0,0.0,80.0,0.0,0.0,0.0,0.0,13706.0
BAMBINO MACARONI 200 GM 20/-,0.0,0.0,0.0,0.0,3491.0,3610.0,2915.0,1980.0,2138.0,4417.0,4494.0,4078.0,27123.0
BAMBINO MACARONI 450 GM,0.0,0.0,0.0,0.0,6435.0,7133.0,9299.0,8632.0,7602.0,7493.0,8446.0,10247.0,65287.0
BAMBINO MACARONI 450 GM 43/-,6432.0,5892.0,11353.0,9318.0,7283.0,0.0,0.0,0.0,0.0,0.0,0.0,0.0,40274.0
BAMBINO MACARONI 900 GM,0.0,0.0,20.0,0.0,0.0,0.0,0.0,0.0,0.0,75.0,0.0,0.0,95.0
BAMBINO MACARONI 900 GM 80/,4713.0,4347.0,5808.0,5259.0,9417.0,6028.0,5782.0,5621.0,3365.0,4960.0,5436.0,6294.0,67030.0
BAMBINO PASTA PENNE 250GM,335.0,802.0,1815.0,446.0,1646.0,779.0,1633.0,890.0,1393.0,324.0,159.0,369.0,10591.0
BAMBINO PASTA SPIRALLI 250GM,96.0,0.0,240.0,206.0,226.0,192.0,691.0,275.0,245.0,5.0,147.0,384.0,2707.0
BAMBINO PASTA SPIRALLI 500GM,66.0,90.0,306.0,108.0,482.0,192.0,480.0,305.0,457.0,184.0,240.0,629.0,3539.0
BAMBINO PENNE PASTA 500GM,450.0,359.0,1418.0,1529.0,1605.0,1116.0,1953.0,766.0,1404.0,1242.0,1292.0,1474.0,14608.0
BAMBINO ROASTED JAR650GM,143.0,32.0,96.0,32.0,0.0,48.0,48.0,32.0,32.0,192.0,223.0,64.0,942.0
BAMBINO ROASTED VERMICELLI 900 G,2749.0,4259.0,7312.0,5117.0,6792.0,3717.0,7700.0,5246.0,6922.0,4780.0,4025.0,5338.0,63957.0
BAMBINO ROASTED VERMICELLI-200 GM,2243.0,1274.0,1449.0,2416.0,2346.0,1471.0,1880.0,1285.0,986.0,2811.0,2789.0,2496.0,23446.0
BAMBINO ROASTED VERMICELLI-450 GM,4131.0,6167.0,8414.0,7371.0,10288.0,6277.0,10174.0,6765.0,5754.0,5912.0,6385.0,10175.0,87813.0
BAMBINO SOUP HOT N SOUR 50G,0.0,0.0,0.0,0.0,0.0,196.0,698.0,104.0,184.0,0.0,0.0,0.0,1154.0
BAMBINO SOUP MIX VEG 60G,0.0,0.0,0.0,0.0,0.0,0.0,4832.0,5184.0,4008.0,912.0,48.0,156.0,15140.0
BAMBINO SOUP SWEET CORN 50G,0.0,0.0,0.0,0.0,208.0,0.0,4158.0,4884.0,2804.0,864.0,0.0,0.0,12902.0
BAMBINO SOUP TOMATO 60G,0.0,0.0,0.0,0.0,0.0,176.0,8912.0,4248.0,4380.0,1340.0,0.0,0.0,19056.0
BAMBINO UPMA MIX 180GM,0.0,0.0,0.0,0.0,0.0,0.0,0.0,0.0,0.0,0.0,156.0,585.0,741.0
BAMBINO VERMICELLI  875 G,3027.0,2471.0,3466.0,1834.0,4170.0,3610.0,4750.0,3253.0,3435.0,3211.0,3186.0,4212.0,40625.0
BAMBINO VERMICELLI 250 GM,277.0,583.0,1373.0,599.0,972.0,735.0,929.0,687.0,406.0,455.0,234.0,364.0,7614.0
BAMBINO VERMICELLI 450GM,3284.0,3317.0,3842.0,3366.0,4622.0,2692.0,4097.0,2871.0,1537.0,2296.0,2105.0,3047.0,37076.0
Boroplus Antiseptic Cream 120 ml,0.0,0.0,0.0,0.0,0.0,46.0,189.0,224.0,376.0,91.0,0.0,0.0,926.0
Boroplus Antiseptic Cream 19 ml,183.0,108.0,60.0,108.0,44.0,204.0,324.0,470.0,750.0,454.0,239.0,189.0,3133.0
Boroplus Antiseptic Cream 40 ml,246.0,290.0,275.0,438.0,484.0,355.0,812.0,1063.0,903.0,1254.0,395.0,1.0,6516.0
Boroplus Antiseptic Cream 80 ml,272.0,130.0,144.0,443.0,2868.0,864.0,1059.0,1309.0,1257.0,1517.0,98.0,0.0,9961.0
Boroplus Cocoa Soft Moist.Lot. 100 ml,0.0,0.0,0.0,0.0,0.0,3.0,60.0,84.0,17.0,48.0,0.0,0.0,212.0
Boroplus Grp & Olv Moist.Lot. 100 ml,0.0,0.0,0.0,0.0,0.0,0.0,0.0,120.0,59.0,42.0,20.0,0.0,241.0
Boroplus Prickly Heat Powder IC 150,188.0,217.0,203.0,167.0,109.0,102.0,42.0,0.0,0.0,36.0,0.0,0.0,1064.0
BP Adv Winter Moist Lot. 300 ml 230/-,66.0,29.0,0.0,22.0,0.0,54.0,854.0,1306.0,896.0,414.0,14.0,0.0,3655.0
BP Adv.Winter Moist.Lot. 100 ml,0.0,0.0,0.0,0.0,0.0,0.0,84.0,201.0,159.0,135.0,24.0,70.0,673.0
BP Adv.Winter Moist.Lotion 500 ml,0.0,0.0,0.0,0.0,0.0,28.0,69.0,101.0,85.0,0.0,26.0,0.0,309.0
BP Alovera & Coco Face Wash 50 ml,38.0,18.0,17.0,110.0,9.0,6.0,21.0,4.0,1.0,0.0,0.0,0.0,224.0
BP H White Cream 25gm,18.0,18.0,32.0,112.0,23.0,36.0,43.0,66.0,10.0,45.0,8.0,0.0,411.0
BP Perfect Touch A Cream 20 ml,0.0,0.0,0.0,0.0,0.0,0.0,117.0,207.0,216.0,0.0,0.0,0.0,540.0
BP Zero Oil Zero Pimple Face Wash 50 ml,12.0,7.0,21.0,96.0,6.0,24.0,15.0,5.0,5.0,0.0,0.0,0.0,191.0
BP Zero Oil Zero Pimple Face Wash 80 ml,18.0,24.0,23.0,299.0,82.0,26.0,6.0,2.0,0.0,2.0,18.0,33.0,533.0
Denver Deo Blackcode 100G 199/-,0.0,0.0,0.0,135.0,30.0,27.0,38.0,21.0,36.0,0.0,30.0,612.0,929.0
Denver Deo BlueSport 100G 199/-,0.0,0.0,0.0,150.0,33.0,18.0,12.0,18.0,36.0,0.0,27.0,633.0,927.0
Denver Deo Caliber 105gm 210/-,0.0,0.0,0.0,138.0,27.0,42.0,42.0,9.0,36.0,0.0,24.0,66.0,384.0
Denver Deo Caliber 127gm 249/-,0.0,0.0,0.0,0.0,0.0,0.0,0.0,0.0,0.0,0.0,0.0,481.0,481.0
Denver Deo Hamilton 105gm 210/-,0.0,0.0,0.0,309.0,39.0,81.0,38.0,28.0,36.0,24.0,50.0,130.0,735.0
Denver Deo Hamilton 127gm 249/-,0.0,0.0,0.0,0.0,0.0,0.0,0.0,0.0,0.0,0.0,0.0,504.0,504.0
Denver Deo Honour 105gm 210/-,0.0,0.0,0.0,855.0,48.0,854.0,465.0,435.0,419.0,468.0,234.0,404.0,4182.0
Denver Deo Honour 127gm 249/-,0.0,0.0,0.0,0.0,0.0,0.0,0.0,0.0,0.0,0.0,0.0,480.0,480.0
Denver Deo Imperial 105gm 210/-,0.0,0.0,0.0,756.0,42.0,843.0,180.0,381.0,399.0,777.0,594.0,549.0,4521.0
Denver Deo Imperial 127gm 249/-,0.0,0.0,0.0,0.0,0.0,0.0,0.0,0.0,0.0,0.0,0.0,480.0,480.0
Denver Deo Original 150ml,0.0,0.0,0.0,21.0,45.0,33.0,39.0,27.0,33.0,3.0,21.0,570.0,792.0
Denver Deo Pride 105gm 210/-,0.0,0.0,0.0,888.0,90.0,771.0,455.0,297.0,429.0,780.0,345.0,446.0,4501.0
Denver Deo Pride 127gm 249/-,0.0,0.0,0.0,0.0,0.0,0.0,0.0,0.0,0.0,0.0,0.0,480.0,480.0
Denver Deo Royal Oud 150ml 210/-,0.0,0.0,0.0,0.0,0.0,0.0,0.0,0.0,0.0,0.0,0.0,540.0,540.0
Denver Deo Xtreme 2+1,0.0,0.0,0.0,0.0,36.0,0.0,0.0,0.0,0.0,0.0,0.0,0.0,36.0
Denver Deo Xtreme Endurance 100G 199/-,0.0,0.0,0.0,3.0,36.0,33.0,30.0,3.0,0.0,30.0,12.0,0.0,147.0
Denver Deo Xtreme Performance100G 199/-,0.0,0.0,0.0,0.0,0.0,12.0,12.0,6.0,9.0,0.0,12.0,0.0,51.0
Denver Deo Xtreme Reverence 100G 199/-,0.0,0.0,0.0,0.0,0.0,12.0,0.0,0.0,0.0,0.0,12.0,0.0,24.0
Denver Perfume Blackcode 60ml 249/-,0.0,0.0,0.0,0.0,0.0,0.0,0.0,0.0,0.0,0.0,0.0,480.0,480.0
Denver Perfume Original 60ml 249/-,0.0,0.0,0.0,0.0,0.0,0.0,0.0,0.0,0.0,0.0,0.0,480.0,480.0
DR B  DANDRUFF CLEANSING SHAMPOO 200ML,7.0,16.0,8.0,17.0,18.0,20.0,7.0,17.0,0.0,0.0,0.0,0.0,110.0
DR B ACNE FACE WASH 100 GM,0.0,0.0,0.0,0.0,0.0,12.0,6.0,0.0,0.0,0.0,0.0,0.0,18.0
DR B ACNE FACE WASH50 GM,0.0,0.0,0.0,0.0,0.0,12.0,0.0,0.0,0.0,0.0,0.0,0.0,12.0
DR B ANTI DUNDRUFF SHAMPOO 500ML,1.0,6.0,0.0,2.0,1.0,8.0,0.0,0.0,0.0,0.0,0.0,0.0,18.0
DR B BATHING BAR 125G,0.0,12.0,0.0,0.0,0.0,0.0,0.0,0.0,0.0,0.0,0.0,0.0,12.0
DR B BATHING BAR 75G,12.0,0.0,0.0,0.0,0.0,0.0,0.0,0.0,0.0,0.0,0.0,0.0,12.0
DR B CONDITIONER 200ML,0.0,3.0,0.0,5.0,3.0,9.0,4.0,2.0,0.0,0.0,0.0,0.0,26.0
DR B DEO FOR MEN 150ML,0.0,0.0,0.0,13.0,1.0,1.0,0.0,0.0,0.0,0.0,0.0,0.0,15.0
DR B FACE WASH 100 GM,12.0,0.0,0.0,0.0,0.0,0.0,0.0,0.0,0.0,0.0,0.0,0.0,12.0
DR B FACE WASH 50GM,0.0,10.0,1.0,2.0,4.0,0.0,0.0,0.0,0.0,0.0,0.0,0.0,17.0
DR B FACE WASH INSTANT GLOW 100GM,0.0,0.0,0.0,0.0,0.0,8.0,6.0,0.0,0.0,0.0,0.0,0.0,14.0
DR B FACE WASH INSTANT GLOW 50GM,0.0,0.0,0.0,0.0,0.0,8.0,0.0,0.0,0.0,0.0,0.0,0.0,8.0
DR B FOOT CARE CREAM 100G,1.0,0.0,0.0,0.0,0.0,0.0,0.0,0.0,0.0,0.0,0.0,0.0,1.0
DR B HAIR CARE KIT,0.0,0.0,0.0,0.0,0.0,0.0,0.0,1.0,1.0,0.0,0.0,0.0,2.0
DR B HAIR OIL 100ML,0.0,0.0,0.0,0.0,0.0,12.0,0.0,0.0,0.0,0.0,0.0,0.0,12.0
DR B HAIR OIL 200ML,0.0,5.0,0.0,2.0,2.0,15.0,6.0,2.0,0.0,0.0,0.0,0.0,32.0
Dr B Hair Vitalizing Serum 125ml,0.0,0.0,0.0,0.0,0.0,3.0,0.0,0.0,0.0,0.0,0.0,0.0,3.0
DR B HAIRFALL CONTROL SERUM 125ML,0.0,0.0,1.0,0.0,0.0,0.0,0.0,0.0,0.0,0.0,0.0,0.0,1.0
DR B HAIRFALL CONTROL SHAMPOO 200ML,12.0,12.0,8.0,2.0,21.0,21.0,5.0,12.0,0.0,0.0,0.0,0.0,93.0
DR B HAIRFALL CONTROL SHAMPOO 500ML,0.0,3.0,0.0,1.0,4.0,0.0,0.0,1.0,0.0,0.0,0.0,0.0,9.0
DR B Hairfall Controll OIL 200ML,1.0,4.0,1.0,10.0,7.0,20.0,7.0,7.0,0.0,0.0,0.0,0.0,57.0
DR B HAND WASH 300 ML,0.0,0.0,6.0,0.0,0.0,11.0,8.0,4.0,0.0,0.0,0.0,0.0,29.0
DR B HERBAL COLOR CREAM 130G,0.0,3.0,0.0,0.0,2.0,0.0,1.0,0.0,0.0,0.0,0.0,0.0,6.0
DR B NON ALCOHOLIC SANITIZER 100ML,2.0,7.0,7.0,1.0,0.0,0.0,0.0,0.0,0.0,0.0,0.0,0.0,17.0
DR B NORMAL SHAMPOO 200ML,1.0,4.0,10.0,10.0,4.0,21.0,5.0,10.0,0.0,0.0,0.0,0.0,65.0
DR B NORMAL SHAMPOO 500ML,0.0,14.0,2.0,0.0,3.0,0.0,0.0,0.0,0.0,0.0,0.0,0.0,19.0
DR B OIL CONTROL FACE WASH 100G,0.0,0.0,0.0,0.0,0.0,8.0,0.0,0.0,0.0,0.0,0.0,0.0,8.0
Emami 7 Oils in One 100ml,200.0,160.0,88.0,195.0,157.0,123.0,176.0,225.0,191.0,228.0,12.0,15.0,1770.0
Emami 7 Oils in One 200ml,246.0,177.0,114.0,248.0,158.0,170.0,122.0,195.0,277.0,286.0,71.0,0.0,2064.0
Emami Hair Color Burgundy 30/-,0.0,0.0,0.0,0.0,0.0,0.0,8.0,0.0,12.0,0.0,0.0,0.0,20.0
Emami Hair Color Cherry Red 30/-,0.0,4.0,0.0,0.0,0.0,0.0,8.0,0.0,0.0,0.0,0.0,0.0,12.0
Emami Hair Color D Brown,21.0,37.0,1.0,30.0,3.0,18.0,16.0,5.0,0.0,0.0,0.0,0.0,131.0
Emami Hair Color N Black,18.0,59.0,13.0,15.0,12.0,49.0,23.0,36.0,43.0,15.0,0.0,0.0,283.0
Emami Hair Color N Brown,0.0,27.0,6.0,21.0,6.0,27.0,20.0,96.0,12.0,11.0,11.0,0.0,237.0
Envy 1000 Deo Crystal Texas Heat 135ml,0.0,0.0,0.0,0.0,0.0,0.0,0.0,0.0,168.0,0.0,96.0,288.0,552.0
Envy 1000 Deo Dark 100G,0.0,0.0,0.0,18.0,16.0,30.0,24.0,3.0,17.0,21.0,0.0,612.0,741.0
Envy 1000 Deo Fiery 100G,0.0,0.0,0.0,6.0,18.0,18.0,24.0,9.0,6.0,3.0,24.0,0.0,108.0
Envy 1000 Deo Force 97G,0.0,0.0,0.0,12.0,12.0,3.0,18.0,6.0,6.0,27.0,12.0,0.0,96.0
Envy 1000 Deo Luv 97G,0.0,0.0,0.0,9.0,3.0,12.0,19.0,3.0,6.0,12.0,24.0,0.0,88.0
EVA BODY SPRAY FRESH 125ML,0.0,0.0,475.0,363.0,592.0,168.0,255.0,745.0,113.0,453.0,151.0,448.0,3763.0
EVA DEO SPRAY BLUSH 125ML,0.0,0.0,81.0,239.0,338.0,177.0,217.0,310.0,86.0,325.0,95.0,219.0,2087.0
EVA DEO SPRAY COMBI 125ML,0.0,0.0,220.0,0.0,0.0,0.0,0.0,0.0,0.0,0.0,0.0,0.0,220.0
EVA DEO SPRAY COMBI 125ML 199/,0.0,0.0,0.0,360.0,0.0,0.0,0.0,0.0,0.0,0.0,0.0,0.0,360.0
EVA DEO SPRAY DEW 125ML,0.0,0.0,0.0,18.0,0.0,12.0,0.0,6.0,0.0,0.0,24.0,0.0,60.0
EVA DEO SPRAY DOLL 125ML,0.0,0.0,523.0,340.0,605.0,312.0,171.0,527.0,270.0,438.0,135.0,311.0,3632.0
EVA DEO SPRAY FLIRT 125ML,0.0,0.0,0.0,12.0,30.0,0.0,12.0,0.0,0.0,0.0,12.0,0.0,66.0
EVA DEO SPRAY GLEE 125ML,0.0,0.0,0.0,20.0,16.0,10.0,13.0,26.0,0.0,0.0,16.0,5.0,106.0
EVA DEO SPRAY GROOVE 125ML,0.0,0.0,0.0,54.0,36.0,24.0,66.0,48.0,36.0,24.0,37.0,7.0,332.0
EVA DEO SPRAY SWEET 125ML,0.0,0.0,512.0,269.0,647.0,181.0,301.0,532.0,216.0,264.0,129.0,334.0,3385.0
EVA DEO SPRAY URBANE 125ML,0.0,0.0,192.0,186.0,210.0,132.0,42.0,102.0,133.0,24.0,30.0,47.0,1098.0
EVA DEO SPRAY WILD 125ML,0.0,0.0,368.0,257.0,632.0,65.0,326.0,605.0,204.0,235.0,101.0,499.0,3292.0
EVA DEO TALC FRESH 100GMS,0.0,0.0,248.0,266.0,0.0,197.0,86.0,38.0,96.0,19.0,86.0,247.0,1257.0
EVA DEO TALC FRESH 400GMS,0.0,0.0,48.0,19.0,19.0,7.0,14.0,0.0,0.0,0.0,54.0,83.0,244.0
EVA DEO TALC SANDAL 100G,0.0,0.0,74.0,122.0,64.0,87.0,25.0,12.0,67.0,15.0,70.0,205.0,741.0
EVA DEO TALC SWEET 100GMS,0.0,0.0,258.0,213.0,50.0,165.0,29.0,1.0,96.0,62.0,81.0,163.0,1118.0
EVA DEO TALC SWEET 400GMS,0.0,0.0,48.0,13.0,0.0,6.0,0.0,0.0,0.0,0.0,27.0,95.0,189.0
EVA DEO WHITENING FLORAL FUSION 125 ML,0.0,0.0,12.0,50.0,25.0,11.0,24.0,32.0,19.0,7.0,0.0,0.0,180.0
EVA DEOSPRAY WHITENING  FLORAL 150 ML,0.0,0.0,0.0,38.0,136.0,200.0,180.0,165.0,176.0,0.0,0.0,0.0,895.0
EVA FRESH  LIPS FRESH MINT 4.5 GM,0.0,0.0,0.0,0.0,6.0,0.0,0.0,0.0,0.0,0.0,0.0,0.0,6.0
EVA FRESH  LIPS LITCHI  4.5 GM,0.0,0.0,80.0,132.0,0.0,40.0,95.0,37.0,88.0,0.0,0.0,0.0,382.0
EVA FRESH  LIPS MINI LIP BAIM 1.2 GM,0.0,0.0,0.0,0.0,0.0,0.0,0.0,0.0,75.0,0.0,0.0,0.0,75.0
EVA FRESH  LIPS RASPERRY 4.5 gm,0.0,0.0,0.0,24.0,0.0,36.0,92.0,34.0,41.0,0.0,6.0,22.0,207.0
EVA FRESH  LIPS ROSE 4.5 GM,0.0,0.0,80.0,24.0,40.0,7.0,0.0,0.0,107.0,211.0,0.0,68.0,537.0
EVA FRESH  LIPS STRAWBERRY 4.5 GM,0.0,0.0,0.0,0.0,0.0,0.0,233.0,0.0,0.0,200.0,0.0,79.0,512.0
EVA LIP BALM GREEN APPLE 9 GM,0.0,0.0,0.0,0.0,90.0,90.0,312.0,172.0,81.0,90.0,0.0,0.0,835.0
EVA LIP BALM GREEN STRAWBERRY  9 GM,0.0,0.0,280.0,0.0,0.0,90.0,306.0,247.0,150.0,180.0,0.0,0.0,1251.0
EVA LIP BALM ORANGE 9 GM,0.0,0.0,0.0,0.0,180.0,0.0,0.0,84.0,0.0,70.0,0.0,0.0,334.0
EVA SPORTS DEO COMBI 125ML,0.0,0.0,0.0,0.0,0.0,48.0,0.0,0.0,0.0,0.0,0.0,0.0,48.0
EVA SPORTS DEO COMBI 125ML 150/,0.0,0.0,0.0,24.0,43.0,0.0,0.0,0.0,0.0,1200.0,42.0,6.0,1315.0
EVA SPORTZ FITNESS DEO - BOUNCE 125ML,0.0,0.0,0.0,0.0,246.0,25.0,180.0,12.0,3.0,0.0,3.0,6.0,475.0
EVA SPORTZ FITNESS DEO - RUSH 125ML,0.0,0.0,0.0,3.0,139.0,29.0,60.0,54.0,3.0,0.0,1.0,2.0,291.0
FAH Face Wash 100 gm,294.0,310.0,206.0,377.0,998.0,203.0,189.0,151.0,155.0,80.0,75.0,6.0,3044.0
FAH Face Wash 50 gm,172.0,296.0,206.0,167.0,148.0,118.0,141.0,105.0,158.0,93.0,4.0,0.0,1608.0
FAH Laser Adv Whitening Cream 30 gm,274.0,168.0,185.0,222.0,270.0,206.0,295.0,203.0,94.0,132.0,83.0,34.0,2166.0
FAH Laser Adv Whitening Cream 60 gm,235.0,132.0,97.0,273.0,325.0,264.0,194.0,99.0,100.0,274.0,59.0,0.0,2052.0
FAH Oilclear Face Wash 100 gm,293.0,187.0,159.0,157.0,509.0,148.0,250.0,105.0,137.0,71.0,60.0,0.0,2076.0
FAH Oilclear Face Wash 50 gm,119.0,115.0,48.0,186.0,9.0,0.0,104.0,111.0,138.0,98.0,0.0,0.0,920.0
FAH Pimple Clear F. Wash 100 gm,0.0,12.0,0.0,0.0,0.0,0.0,0.0,157.0,32.0,24.0,0.0,0.0,225.0
FAH Pimple Clear F. Wash 50 gm,0.0,0.0,0.0,0.0,0.0,0.0,0.0,170.0,23.0,27.0,33.0,0.0,253.0
FAH Winter Cream 30 gm,6.0,3.0,0.0,0.0,0.0,53.0,398.0,87.0,94.0,0.0,0.0,0.0,641.0
FAH Winter Cream 60 gm,86.0,0.0,0.0,0.0,0.0,4.0,138.0,136.0,144.0,19.0,0.0,0.0,507.0
Fair & Handsome 30 gm,651.0,333.0,0.0,270.0,135.0,126.0,465.0,225.0,148.0,173.0,128.0,7.0,2661.0
Fair & Handsome 60 gm,470.0,409.0,849.0,397.0,702.0,431.0,123.0,182.0,639.0,1107.0,107.0,53.0,5469.0
Golden Beauty AD 100gm,64.0,0.0,30.0,12.0,2.0,0.0,12.0,0.0,0.0,0.0,0.0,0.0,120.0
Golden Beauty AD 400 gm,185.0,78.0,59.0,36.0,57.0,40.0,60.0,28.0,48.0,45.0,0.0,0.0,636.0
Golden Beauty MD 100gm,0.0,0.0,0.0,0.0,0.0,0.0,0.0,0.0,17.0,0.0,0.0,0.0,17.0
Golden Beauty MD 400gm,78.0,72.0,39.0,34.0,62.0,55.0,52.0,21.0,36.0,18.0,0.0,0.0,467.0
GOODHOME AFR (3+1) 50g 120/-,0.0,0.0,108.0,72.0,209.0,1.0,48.0,192.0,48.0,60.0,72.0,84.0,894.0
GOODHOME AFR (3+1) 75g 165/-,0.0,0.0,60.0,66.0,168.0,24.0,168.0,108.0,120.0,48.0,48.0,54.0,864.0
GOODHOME AFR DREAMS OF DEW 50G,0.0,0.0,36.0,96.0,144.0,48.0,144.0,63.0,48.0,72.0,72.0,42.0,765.0
GOODHOME AFR DREAMS OF DEW 75G,0.0,0.0,48.0,96.0,193.0,99.0,197.0,124.0,137.0,79.0,70.0,82.0,1125.0
GOODHOME AFR FLORAL FANTACY 50,0.0,0.0,72.0,72.0,132.0,72.0,108.0,144.0,216.0,60.0,54.0,36.0,966.0
GOODHOME AFR FLORAL FANTACY 75,0.0,0.0,95.0,48.0,138.0,96.0,130.0,141.0,106.0,11.0,48.0,72.0,885.0
GOODHOME AFR Jasmine 55/,0.0,0.0,0.0,12.0,0.0,0.0,0.0,0.0,0.0,0.0,0.0,0.0,12.0
GOODHOME AFR Rose 55/,0.0,0.0,0.0,24.0,10.0,0.0,5.0,0.0,0.0,0.0,0.0,6.0,45.0
GOODHOME AFR WHISPERS OF PASSION,0.0,0.0,36.0,48.0,144.0,72.0,292.0,119.0,168.0,84.0,48.0,78.0,1089.0
GOODHOME AFR WHISPERS OF PASSION 55/,0.0,0.0,108.0,66.0,168.0,114.0,168.0,96.0,108.0,42.0,48.0,78.0,996.0
GOODHOME Drain Cleanser 50g,0.0,0.0,160.0,178.0,296.0,0.0,152.0,280.0,297.0,466.0,166.0,309.0,2304.0
GOODHOME RF Dream of Dew Lavender 160GMS,0.0,0.0,0.0,12.0,0.0,54.0,82.0,31.0,30.0,41.0,37.0,36.0,323.0
GOODHOME RF FLORAL Fantacy,0.0,0.0,0.0,0.0,0.0,48.0,76.0,31.0,24.0,18.0,11.0,23.0,231.0
GOODHOME RF JASMINE 160GMS,0.0,0.0,0.0,12.0,0.0,0.0,6.0,1.0,0.0,0.0,17.0,7.0,43.0
GOODHOME RF PASSION -ROSE 160GMS,0.0,0.0,0.0,12.0,6.0,24.0,94.0,41.0,67.0,36.0,41.0,43.0,364.0
GOODHOME RF SANDAL 160GMS,0.0,0.0,0.0,12.0,6.0,6.0,0.0,6.0,3.0,0.0,12.0,13.0,58.0
GOODHOME SCRUB PAD 2+1 30/-,0.0,0.0,0.0,39.0,0.0,0.0,0.0,0.0,0.0,0.0,0.0,0.0,39.0
GOODHOME SCRUB PAD 2-IN-1,0.0,0.0,144.0,240.0,204.0,1584.0,632.0,480.0,528.0,497.0,96.0,48.0,4453.0
GOODHOME SCRUB PAD LARGE COMBI 40//,0.0,0.0,0.0,0.0,0.0,852.0,1431.0,432.0,332.0,0.0,0.0,888.0,3923.0
GOODHOME SCRUB PAD REGULAR LARGE 14 X 10,0.0,0.0,0.0,0.0,0.0,0.0,10.0,5.0,5.0,0.0,0.0,5.0,25.0
GOODHOME SCRUB PAD TOUGH 7.5 X 7.5,0.0,0.0,96.0,192.0,144.0,1392.0,778.0,634.0,586.0,255.0,139.0,80.0,4296.0
GOODHOME SS SCRUBBER,0.0,0.0,816.0,732.0,1900.0,792.0,2472.0,888.0,1466.0,1584.0,1128.0,1632.0,13410.0
GOODHOME UNBLOX 50GMS,0.0,0.0,0.0,0.0,76.0,12.0,0.0,0.0,30.0,18.0,6.0,0.0,142.0
He Body Prf  Power 122 ml,162.0,48.0,11.0,91.0,21.0,66.0,129.0,77.0,455.0,46.0,21.0,0.0,1127.0
He Body Prf Force 120 ml,63.0,30.0,48.0,66.0,33.0,0.0,95.0,176.0,156.0,32.0,21.0,0.0,720.0
He Body Spray (2+1) 150ml 360/-,0.0,0.0,0.0,16.0,7.0,35.0,35.0,14.0,13.0,36.0,12.0,0.0,168.0
He Body Spray Arctic No-Gas 122 ml,69.0,30.0,30.0,84.0,6.0,71.0,44.0,50.0,3.0,48.0,0.0,0.0,435.0
He Body Spray Hypnotic No-Gas 122 ml,0.0,48.0,0.0,0.0,0.0,96.0,0.0,0.0,1.0,0.0,0.0,0.0,145.0
He Body Spray Innovator 150 ml,208.0,74.0,110.0,151.0,755.0,305.0,125.0,197.0,601.0,187.0,21.0,0.0,2734.0
He Body Spray Lagon No-Gas 122 ml,34.0,32.0,28.0,153.0,728.0,0.0,9.0,0.0,15.0,9.0,28.0,0.0,1036.0
He Body Spray Passion No-Gas 122 ml,109.0,87.0,0.0,30.0,45.0,21.0,0.0,39.0,30.0,24.0,3.0,0.0,388.0
He On The Go Face Wash 50 gm,76.0,29.0,27.0,2.0,1.0,0.0,0.0,0.0,0.0,0.0,0.0,0.0,135.0
He Perfume Body Spray 150ml(2+1),112.0,45.0,42.0,0.0,0.0,0.0,18.0,0.0,0.0,0.0,0.0,0.0,217.0
He Perfumed Body Spray (Magician) 150 ml,15.0,59.0,20.0,1.0,0.0,0.0,0.0,0.0,2.0,0.0,0.0,0.0,97.0
He Perfumed Body Spray (Respect) 150 m,118.0,101.0,162.0,181.0,561.0,102.0,151.0,158.0,774.0,377.0,87.0,34.0,2806.0
He Perfumed Body Spray (Ruler) 150 ml,21.0,15.0,36.0,0.0,0.0,6.0,6.0,0.0,14.0,6.0,0.0,0.0,103.0
He Perfumed Body Spray (Smart) 150 ml,0.0,0.0,0.0,0.0,0.0,0.0,0.0,0.0,6.0,0.0,0.0,0.0,6.0
He PerfumedBody Spray (Conqueror) 150ml,0.0,0.0,0.0,0.0,0.0,0.0,0.0,0.0,1.0,0.0,0.0,0.0,1.0
Himani Fast Relief  23ML,24.0,15.0,13.0,58.0,67.0,29.0,29.0,34.0,47.0,18.0,0.0,0.0,334.0
Himani Fast Relief  45ML,101.0,78.0,7.0,72.0,36.0,186.0,102.0,0.0,120.0,126.0,23.0,0.0,851.0
JO Almond&Cr Soap 100gm*5 70/,0.0,0.0,0.0,0.0,0.0,0.0,0.0,0.0,0.0,0.0,0.0,6.0,6.0
JO Almond&Cr Soap 150gm*4 100/,0.0,0.0,0.0,0.0,0.0,0.0,0.0,0.0,0.0,0.0,0.0,54.0,54.0
JO Almond&Cream Soap 100gm*8 110/,0.0,0.0,0.0,0.0,0.0,0.0,0.0,0.0,0.0,0.0,0.0,60.0,60.0
JO Lime Soap 100gm*5 70/,0.0,0.0,0.0,0.0,0.0,0.0,0.0,0.0,0.0,0.0,0.0,6.0,6.0
JO Lime Soap 100gm*8 110/,0.0,0.0,0.0,0.0,0.0,0.0,0.0,0.0,0.0,0.0,0.0,36.0,36.0
JO Lime Soap 150gm*4 100/,0.0,0.0,0.0,0.0,0.0,0.0,0.0,0.0,0.0,0.0,0.0,40.0,40.0
JO Neem&Tulsi Soap 100gm*5 70/,0.0,0.0,0.0,0.0,0.0,0.0,0.0,0.0,0.0,0.0,0.0,6.0,6.0
JO Neen&Tulsi Soap 100gm*8 110/,0.0,0.0,0.0,0.0,0.0,0.0,0.0,0.0,0.0,0.0,0.0,6.0,6.0
JO Rose&Cream Soap 150gm*4 100/,0.0,0.0,0.0,0.0,0.0,0.0,0.0,0.0,0.0,0.0,0.0,54.0,54.0
JO Sandal Soap 100gm*5 70/,0.0,0.0,0.0,0.0,0.0,0.0,0.0,0.0,0.0,0.0,0.0,6.0,6.0
JO Sandal Soap 100gm*8 110/,0.0,0.0,0.0,0.0,0.0,0.0,0.0,0.0,0.0,0.0,0.0,18.0,18.0
KK CN Oil 200ml+100ml,0.0,0.0,0.0,0.0,0.0,0.0,0.0,0.0,1.0,0.0,0.0,0.0,1.0
KK Oil 100ml+20ml,167.0,293.0,218.0,245.0,870.0,299.0,367.0,310.0,483.0,426.0,60.0,0.0,3738.0
KK Oil 200ml+100ml,161.0,1805.0,63.0,474.0,915.0,396.0,579.0,227.0,238.0,232.0,88.0,0.0,5178.0
KK Shampoo 100+20,60.0,44.0,68.0,9.0,464.0,25.0,7.0,0.0,1.0,0.0,0.0,0.0,678.0
KK Shampoo 200+100,82.0,76.0,41.0,3.0,0.0,0.0,0.0,0.0,0.0,0.0,0.0,0.0,202.0
KK Shampoo Ayu 200 ml 120/-,0.0,0.0,0.0,93.0,90.0,324.0,37.0,224.0,99.0,70.0,66.0,0.0,1003.0
KK Shampoo -Ayu 340ml 200/-,0.0,0.0,0.0,48.0,100.0,353.0,89.0,167.0,88.0,95.0,0.0,0.0,940.0
KK Shampoo Ayu-80ml,0.0,0.0,0.0,0.0,0.0,0.0,0.0,0.0,0.0,48.0,12.0,0.0,60.0
KLF Coconad Cocunut Milk 400ml,0.0,0.0,0.0,0.0,0.0,0.0,96.0,0.0,24.0,0.0,48.0,72.0,240.0
KLF Coconad Milk Powder 100g,36.0,48.0,48.0,0.0,0.0,0.0,0.0,0.0,0.0,0.0,0.0,0.0,132.0
KLF Coconad Oil 500ml Pet,96.0,195.0,202.0,260.0,348.0,232.0,266.0,479.0,223.0,268.0,260.0,386.0,3215.0
KLF Coconut Oil 1 Ltr (P),80.0,60.0,140.0,0.0,40.0,59.0,199.0,98.0,120.0,72.0,68.0,100.0,1036.0
KLF Coconut Oil 1 Ltr Pet,32.0,237.0,44.0,169.0,260.0,150.0,303.0,68.0,116.0,309.0,336.0,168.0,2192.0
KLF Coconut Oil 250 ml Pet,0.0,0.0,21.0,0.0,0.0,123.0,0.0,0.0,6.0,0.0,0.0,0.0,150.0
KLF Coconut Oil 500ml Pet.OLD,0.0,57.0,0.0,0.0,0.0,0.0,0.0,0.0,0.0,0.0,0.0,0.0,57.0
KLF Coconut Water 200ml,1116.0,984.0,870.0,738.0,720.0,528.0,1008.0,1140.0,294.0,0.0,150.0,336.0,7884.0
KLF Nirmal Coconut  Oil 1 Ltr Can,40.0,6.0,0.0,20.0,80.0,45.0,20.0,40.0,40.0,0.0,20.0,0.0,311.0
KLF Nirmal Coconut  Oil 500ml Can,0.0,0.0,0.0,0.0,0.0,0.0,0.0,168.0,12.0,0.0,84.0,0.0,264.0
KLF Nirmal Coconut Oil 500ml (P),0.0,0.0,0.0,12.0,0.0,99.0,0.0,84.0,0.0,210.0,0.0,0.0,405.0
KLF Nirmal Virgin 250ml Bt,96.0,72.0,36.0,77.0,57.0,118.0,98.0,73.0,54.0,106.0,49.0,139.0,975.0
KLF Nirmal Virgin 500ml GB-NN,0.0,0.0,0.0,0.0,0.0,0.0,120.0,48.0,48.0,12.0,24.0,12.0,264.0
KLF Nirmal Virgin 500ml GBWM,0.0,0.0,12.0,12.0,24.0,40.0,32.0,19.0,19.0,31.0,28.0,15.0,232.0
KLF Nirmal Virgin Coconut Oil 250ml GB,0.0,0.0,64.0,64.0,48.0,16.0,0.0,16.0,24.0,0.0,0.0,0.0,232.0
KLF Nirmal Virgin Coconut Oil 250ml NN,0.0,0.0,0.0,0.0,0.0,0.0,36.0,0.0,0.0,0.0,0.0,0.0,36.0
KLF Nirmal Virgin Coconut Oil 500ml Bt,48.0,24.0,54.0,89.0,48.0,19.0,21.0,12.0,10.0,0.0,16.0,30.0,371.0
KLF Nirmal Virgin Oil 1 Ltr Can,0.0,0.0,0.0,0.0,0.0,0.0,36.0,24.0,0.0,0.0,0.0,0.0,60.0
KLF Tilnad Oil 1000ml (P),60.0,37.0,80.0,20.0,120.0,0.0,138.0,137.0,60.0,0.0,60.0,80.0,792.0
KLF Tilnad Oil 1Ltr Pet,0.0,0.0,0.0,0.0,0.0,0.0,80.0,100.0,80.0,80.0,60.0,40.0,440.0
KLF Tilnad Oil 200ml Pet,0.0,0.0,0.0,0.0,0.0,0.0,40.0,32.0,31.0,112.0,96.0,73.0,384.0
KLF Tilnad Oil 500ml (P),0.0,40.0,0.0,0.0,0.0,0.0,24.0,28.0,40.0,80.0,52.0,80.0,344.0
KLF Tilnad Oil 500ml Pet,0.0,0.0,0.0,0.0,0.0,0.0,108.0,6.0,36.0,72.0,92.0,72.0,386.0
Laser 3 Reflex 4+4 Razor 120/-,0.0,0.0,0.0,0.0,0.0,0.0,0.0,0.0,0.0,0.0,0.0,90.0,90.0
Laser Control 3 Advance RC R+4 60/-,0.0,0.0,0.0,0.0,0.0,0.0,0.0,0.0,0.0,0.0,0.0,72.0,72.0
Laser Patels 3 BC 4 120/-,0.0,0.0,0.0,0.0,0.0,0.0,0.0,0.0,0.0,0.0,0.0,192.0,192.0
Laser Sport 2 Pch 5 70/-,0.0,0.0,0.0,0.0,0.0,0.0,0.0,0.0,0.0,0.0,0.0,80.0,80.0
Laser Sport 3 Pch 10 Menthol 200/-,0.0,0.0,0.0,0.0,0.0,0.0,0.0,0.0,0.0,0.0,0.0,24.0,24.0
Laser Sport 3 Pch 5*2 100/-,0.0,0.0,0.0,0.0,0.0,0.0,0.0,0.0,0.0,0.0,0.0,601.0,601.0
Lion Arabian Seeded Dates 250gm (1+1),0.0,0.0,0.0,540.0,30.0,340.0,80.0,72.0,141.0,372.0,374.0,684.0,2633.0
Lion Arabian Seeded Dates 500gm (1+1),0.0,1000.0,2000.0,520.0,0.0,640.0,220.0,471.0,423.0,700.0,900.0,331.0,7205.0
Lion Buman Dates 500gm,0.0,0.0,0.0,0.0,0.0,1.0,102.0,0.0,0.0,0.0,42.0,42.0,187.0
Lion Dates Jam 500gm Combo,0.0,0.0,0.0,0.0,0.0,0.0,12.0,6.0,0.0,0.0,0.0,24.0,42.0
Lion Dates Syrup 1000gm,0.0,0.0,0.0,0.0,0.0,0.0,0.0,0.0,0.0,0.0,0.0,65.0,65.0
Lion Dates Syrup 250gm,0.0,36.0,12.0,0.0,0.0,72.0,77.0,48.0,61.0,74.0,93.0,96.0,569.0
Lion Dates Syrup 500gm,0.0,60.0,33.0,50.0,37.0,112.0,25.0,65.0,166.0,99.0,334.0,132.0,1113.0
Lion Dates Syrup 800gm,0.0,0.0,0.0,0.0,0.0,3.0,6.0,25.0,0.0,0.0,28.0,25.0,87.0
Lion Delicasy Dates 500gm,0.0,0.0,0.0,0.0,0.0,0.0,0.0,24.0,0.0,0.0,0.0,0.0,24.0
Lion Deseeded Dates 200gm,0.0,84.0,34.0,0.0,120.0,600.0,118.0,126.0,0.0,138.0,96.0,282.0,1598.0
Lion Deseeded Dates 200gm Refill,0.0,0.0,0.0,120.0,0.0,12.0,180.0,204.0,426.0,216.0,240.0,144.0,1542.0
Lion Deseeded Dates 500gm,0.0,96.0,220.0,778.0,405.0,535.0,1071.0,624.0,486.0,617.0,736.0,530.0,6098.0
Lion Deseeded Dates 500gm Cup,0.0,0.0,0.0,0.0,0.0,45.0,225.0,45.0,900.0,45.0,297.0,173.0,1730.0
Lion Desert King Dates 250gm Cup,0.0,72.0,0.0,72.0,0.0,156.0,59.0,84.0,180.0,120.0,249.0,288.0,1280.0
Lion Desert King Dates 500gm,0.0,0.0,0.0,0.0,0.0,0.0,0.0,0.0,0.0,0.0,118.0,0.0,118.0
Lion Desert King Dates 500gm Cup,0.0,89.0,72.0,62.0,114.0,171.0,167.0,327.0,150.0,306.0,252.0,249.0,1959.0
Lion Honey 400gm Combo,0.0,0.0,0.0,0.0,0.0,54.0,36.0,0.0,0.0,0.0,0.0,36.0,126.0
Lion Kimjo Dates 500gm Cup,0.0,0.0,0.0,0.0,0.0,0.0,0.0,48.0,0.0,0.0,0.0,0.0,48.0
Lion Mix Fruit Jam 250gm Combo,0.0,0.0,0.0,0.0,0.0,263.0,0.0,0.0,24.0,0.0,264.0,288.0,839.0
Lion Mix Fruit Jam 500gm Combo,0.0,0.0,0.0,0.0,0.0,108.0,0.0,0.0,0.0,0.0,24.0,60.0,192.0
Lion Muscat Dates 500gm Refill,0.0,0.0,0.0,80.0,0.0,80.0,0.0,80.0,80.0,80.0,88.0,104.0,592.0
Lion Seeded Dates 250gm (1+1),0.0,0.0,0.0,0.0,0.0,6.0,42.0,0.0,30.0,108.0,381.0,30.0,597.0
Lion Seeded Dates 500gm,0.0,500.0,0.0,0.0,0.0,625.0,224.0,12.0,360.0,1600.0,1240.0,0.0,4561.0
Lion Seeded Dates 500gm (1+1),0.0,720.0,80.0,0.0,184.0,377.0,0.0,268.0,0.0,0.0,699.0,946.0,3274.0
Malai Keshar Cold Cream 100 ml,18.0,0.0,6.0,0.0,6.0,0.0,44.0,42.0,36.0,72.0,0.0,0.0,224.0
Malai Keshar Cold Cream 60 ml,12.0,0.0,18.0,0.0,0.0,0.0,3.0,87.0,72.0,144.0,0.0,0.0,336.0
Marketing Services,0.0,0.0,0.0,0.0,0.0,0.0,0.0,0.0,0.0,0.0,0.0,0.0,0.0
Megha Aloevera Wax 700gm,60.0,3.0,18.0,38.0,30.0,0.0,93.0,28.0,12.0,6.0,0.0,0.0,226.0
Megha Alovera Wax 250gm,63.0,12.0,77.0,12.0,0.0,0.0,0.0,88.0,62.0,38.0,0.0,0.0,328.0
Megha Banana Wax 250gm,0.0,12.0,36.0,0.0,0.0,0.0,0.0,0.0,0.0,0.0,0.0,0.0,48.0
Megha Banana Wax 700gm,6.0,12.0,0.0,0.0,6.0,0.0,18.0,0.0,0.0,0.0,0.0,0.0,33.0
Megha Chocolate  Wax 250gm,120.0,6.0,61.0,0.0,11.0,0.0,0.0,64.0,107.0,38.0,0.0,2.0,409.0
Megha Chocolate Wax 700gm,50.0,18.0,54.0,36.0,0.0,28.0,120.0,56.0,6.0,6.0,0.0,0.0,335.0
Megha Cold Wax 700gm,6.0,0.0,0.0,0.0,0.0,0.0,6.0,0.0,0.0,0.0,0.0,0.0,12.0
Megha Fruity  Wax 250gm,36.0,12.0,60.0,54.0,47.0,6.0,0.0,0.0,0.0,0.0,0.0,0.0,191.0
Megha Fruity Wax 700gm,0.0,12.0,0.0,20.0,12.0,0.0,30.0,43.0,0.0,0.0,0.0,0.0,87.0
Megha Gold Wax 250gm,42.0,18.0,72.0,18.0,4.0,21.0,48.0,88.0,0.0,0.0,0.0,3.0,314.0
Megha Gold Wax 700gm,6.0,12.0,0.0,0.0,6.0,4.0,45.0,31.0,0.0,0.0,0.0,0.0,103.0
Megha Hair Colour 15gm Black,275.0,32.0,74.0,48.0,108.0,63.0,108.0,4.0,8.0,24.0,59.0,0.0,783.0
Megha Hair Colour 15gm Brown,127.0,28.0,74.0,24.0,80.0,80.0,80.0,4.0,8.0,8.0,72.0,0.0,580.0
Megha Hair Colour 15gm Burgundy,48.0,4.0,0.0,0.0,12.0,0.0,2.0,0.0,0.0,8.0,8.0,0.0,77.92
Megha Hair Colour 40gm Black 180,0.0,0.0,0.0,0.0,0.0,0.0,0.0,0.0,0.0,0.0,3600.0,8773.0,12373.0
Megha Hair Colour 40gm Black 60,307.0,219.0,281.84,309.0,253.5,236.38,369.0,302.0,310.0,301.0,327.0,165.0,3380.72
Megha Hair Colour 40gm Brown 180,0.0,0.0,0.0,0.0,0.0,0.0,0.0,0.0,0.0,0.0,1440.0,3335.0,4775.0
Megha Hair Colour 40gm Brown 60,146.0,115.0,140.0,142.0,105.0,118.37,175.0,105.6,116.0,142.0,151.0,64.0,1519.97
Megha Hair Colour 40gm Burgundy 60,17.0,19.0,9.0,16.0,12.0,10.0,22.0,12.0,3.0,13.0,5.0,6.0,144.0
Megha Hair Colour 40gm D Brown 180,0.0,0.0,0.0,0.0,0.0,0.0,0.0,0.0,0.0,0.0,0.0,540.0,540.0
Megha Hair Colour 40gm D Brown 60,53.0,35.0,26.0,60.0,35.0,51.0,75.0,42.0,58.0,51.0,44.0,39.0,569.0
Megha Hair Removing Cream-Alovera,0.0,0.0,0.0,0.0,0.0,0.0,0.0,0.0,0.0,576.0,60.0,0.0,636.0
Megha Hair Removing Cream-Lime,0.0,0.0,0.0,0.0,0.0,0.0,0.0,0.0,0.0,576.0,96.0,0.0,672.0
Megha Hair Removing Cream-Sandal,0.0,0.0,0.0,0.0,0.0,0.0,0.0,0.0,0.0,576.0,72.0,0.0,648.0
Megha Hot Wax 250gm,0.0,0.0,0.0,0.0,0.0,0.0,0.0,0.0,0.0,0.0,0.0,0.0,0.0
Megha Hot Wax 700gm,0.0,0.0,0.0,0.0,0.0,0.0,0.0,0.0,0.0,0.0,0.0,0.0,0.0
Megha Mehndi Cone,0.0,0.0,0.0,0.0,0.0,0.0,0.0,0.0,0.0,0.0,0.0,0.0,0.0
Megha Milky  Wax 250gm,129.0,0.0,12.0,0.0,0.0,54.0,0.0,0.0,152.0,38.0,0.0,26.0,411.0
Megha Milky Wax 700gm,121.0,0.0,106.0,44.0,30.0,42.0,81.0,23.0,18.0,30.0,0.0,0.0,487.0
Megha Rosewine Wax 700gm,18.0,15.0,2.0,6.0,12.0,0.0,12.0,54.0,0.0,0.0,0.0,0.0,69.0
Megha Strawberry Wax 250gm,12.0,6.0,15.0,36.0,56.0,12.0,0.0,0.0,0.0,0.0,0.0,0.0,137.0
Megha Strawberry Wax 700gm,26.0,15.0,8.0,6.0,0.0,0.0,18.0,28.0,0.0,0.0,0.0,0.0,76.0
Megha White Chocolate Wax 700gm,128.0,30.0,54.0,42.0,0.0,0.0,93.0,20.0,84.0,6.0,0.0,0.0,414.0
Megha White Wax 250gm,39.0,24.0,24.0,24.0,9.0,0.0,0.0,0.0,162.0,30.0,0.0,6.0,318.0
Menthoplus Balm 9ml,18.0,42.0,12.0,33.0,6.0,44.0,12.0,18.0,34.0,9.0,48.0,3.0,279.0
Moods Allnight 12's,318.0,0.0,6.0,438.0,120.0,500.0,0.0,0.0,300.0,184.0,4.0,0.0,1870.0
MOODS ALLNIGHT 20's 140/-,11.0,0.0,0.0,24.0,0.0,0.0,0.0,0.0,0.0,0.0,12.0,0.0,47.0
MOODS ALOE 12's 100/-,120.0,0.0,0.0,204.0,0.0,0.0,0.0,0.0,0.0,24.0,36.0,0.0,384.0
MOODS CHOCO 12's 100/-,350.0,0.0,20.0,432.0,0.0,0.0,0.0,0.0,0.0,0.0,12.0,0.0,814.0
MOODS DOTTED 12's 100/-,330.0,0.0,6.0,440.0,120.0,0.0,0.0,0.0,300.0,204.0,12.0,12.0,1424.0
MOODS DOTTED 20's 140/-,29.0,0.0,0.0,0.0,0.0,0.0,0.0,0.0,0.0,0.0,0.0,0.0,29.0
Moods Electrify 3's 50/,0.0,0.0,0.0,0.0,0.0,0.0,0.0,0.0,500.0,270.0,0.0,0.0,770.0
MOODS FEMALE CONDOM  VELVET20's 100/-,26.0,0.0,0.0,21.0,0.0,0.0,0.0,0.0,0.0,0.0,0.0,0.0,47.0
MOODS LUBES NATURAL 60ML 260/-,0.0,0.0,72.0,24.0,0.0,0.0,0.0,0.0,0.0,24.0,0.0,0.0,120.0
MOODS MELANGE 12's 100/-,328.0,0.0,0.0,623.0,0.0,0.0,0.0,0.0,0.0,0.0,12.0,0.0,963.0
MOODS RIBBED 12's 100/-,360.0,0.0,20.0,545.0,0.0,0.0,0.0,0.0,0.0,0.0,12.0,0.0,937.0
Moods Silver 1500 Dots 12's Scented 150/,57.0,5.0,93.0,248.0,105.0,49.0,39.0,36.0,13.0,2.0,0.0,0.0,647.0
Moods Silver 1500 Dots 3's Scented 50/,0.0,0.0,0.0,0.0,480.0,800.0,0.0,0.0,500.0,300.0,0.0,0.0,2080.0
Moods Silver Blaze 12's 150/,52.0,6.0,23.0,116.0,0.0,5.0,8.0,0.0,0.0,3.0,15.0,4.0,232.0
Moods Silver Cool 12's 150/,30.0,0.0,17.0,83.0,53.0,34.0,47.0,0.0,3.0,27.0,15.0,29.0,338.0
Moods Silver Cool 3's 50/,0.0,0.0,0.0,0.0,480.0,800.0,0.0,0.0,500.0,200.0,0.0,0.0,1980.0
Moods Silver Electrify 12's 150/,16.0,0.0,0.0,0.0,0.0,0.0,33.0,10.0,8.0,0.0,0.0,0.0,67.0
Moods Silver Joyride 12's Scented 150/,27.0,6.0,100.0,85.0,63.0,53.0,58.0,0.0,31.0,12.0,10.0,19.0,464.0
Moods Silver Joyride 3's Scented 50/,0.0,0.0,0.0,0.0,480.0,800.0,0.0,0.0,500.0,250.0,0.0,0.0,2030.0
MOODS STRAWBERRY 12's 100/-,249.0,0.0,122.0,431.0,120.0,500.0,0.0,0.0,315.0,194.0,5.0,0.0,1936.0
MOODS ULTRATHIN 12's 100/-,351.0,0.0,6.0,305.0,0.0,0.0,0.0,0.0,300.0,194.0,36.0,0.0,1192.0
MOODS ULTRATHIN 20's 140/-,38.0,0.0,14.0,0.0,0.0,0.0,0.0,0.0,0.0,0.0,0.0,0.0,52.0
Moods Variety Pack 130/,36.0,0.0,30.0,198.0,0.0,0.0,0.0,0.0,0.0,24.0,36.0,12.0,336.0
Moods XTASY 12's 100/,313.0,0.0,0.0,443.0,0.0,0.0,0.0,0.0,0.0,0.0,12.0,0.0,768.0
MYSORE SANDAL BODYWASH 200ML 175/-,24.0,0.0,24.0,0.0,0.0,0.0,24.0,0.0,0.0,0.0,0.0,0.0,72.0
MYSORE SANDAL GOLD SOAP 125g,72.0,102.0,48.0,54.0,60.0,30.0,102.0,72.0,60.0,36.0,12.0,60.0,708.0
MYSORE SANDAL SJR  3*150g MRP 175,42.0,42.0,30.0,33.0,43.0,30.0,18.0,48.0,18.0,21.0,18.0,24.0,367.0
MYSORE SANDAL SOAP 125g MRP 60,78.0,144.0,96.0,90.0,112.0,132.0,162.0,81.0,132.0,61.0,66.0,108.0,1262.0
MYSORE SANDAL SOAP 150g MRP 72,84.0,168.0,108.0,156.0,78.0,108.0,90.0,72.0,90.0,60.0,42.0,66.0,1122.0
MYSORE SANDAL SOAP 3*150g 210,126.0,90.0,102.0,132.0,86.0,54.0,54.0,54.0,48.0,54.0,48.0,105.0,953.0
MYSORE SANDAL SOAP 75g MRP 37,105.0,152.0,138.0,104.0,108.0,54.0,36.0,36.0,78.0,48.0,66.0,129.0,1054.0
MYSORE SANDAL TALC 100g 45/-,18.0,0.0,6.0,6.0,12.0,12.0,6.0,0.0,0.0,12.0,0.0,0.0,72.0
MYSORE SANDAL TALC 300g MRP 85,0.0,0.0,0.0,0.0,0.0,24.0,0.0,0.0,0.0,0.0,0.0,0.0,24.0
Navratna Almond Cool Oil 100 ml,136.0,56.0,116.0,121.0,140.0,83.0,13.0,58.0,44.0,63.0,17.0,0.0,847.0
Navratna Almond Cool Oil 200 ml,159.0,172.0,176.0,132.0,651.0,27.0,27.0,8.0,237.0,50.0,66.0,0.0,1705.0
Navratna Cool Talc Active Deo 100 gm,86.0,122.0,55.0,52.0,4.0,3.0,1.0,0.0,0.0,0.0,0.0,0.0,323.0
Navratna Cool Talc Active Deo 400 gm,228.0,143.0,241.0,0.0,144.0,143.0,0.0,6.0,0.0,0.0,18.0,0.0,923.0
Navratna I-Cool Talc 100 gm,142.0,195.0,76.0,57.0,24.0,42.0,16.0,9.0,16.0,4.0,7.0,2.0,590.0
Navratna I-Cool Talc 400 gm,276.0,190.0,350.0,0.0,168.0,38.0,8.0,12.0,0.0,0.0,14.0,0.0,1056.0
Navratna Mint Fresh Talc  100 gm,209.0,177.0,54.0,162.0,12.0,36.0,0.0,0.0,1.0,0.0,0.0,0.0,651.0
Navratna Mint Fresh Talc  400 gm,204.0,199.0,323.0,15.0,144.0,36.0,48.0,0.0,31.0,1.0,9.0,12.0,1022.0
Navratna Oil 200 ml,528.0,857.0,832.0,489.0,506.0,187.0,153.0,216.0,206.0,104.0,144.0,2.0,4224.0
Navratna Oil 300 ml,2932.0,2676.0,325.0,586.0,524.0,536.0,111.0,177.0,386.0,229.0,60.0,0.0,8542.0
Navratna Oil 50 ml,0.0,0.0,104.0,0.0,4.0,0.0,0.0,0.0,0.0,0.0,0.0,0.0,108.0
Navratna Oil 500 ml,1346.0,1701.0,1483.0,202.0,212.0,162.0,109.0,115.0,203.0,210.0,54.0,0.0,5797.0
Navratna Oil NRO-100 ml,653.0,760.0,920.0,403.0,659.0,280.0,253.0,377.0,196.0,172.0,302.0,985.0,5960.0
Oleev Active 1 Ltr PB,0.0,0.0,10.0,0.0,0.0,0.0,0.0,0.0,6.0,0.0,0.0,0.0,16.0
Oleev Active 5 Ltr,0.0,0.0,0.0,0.0,1.0,7.0,0.0,16.0,1.0,0.0,4.0,8.0,37.0
OLEEV EX  LIGHT GB - 500ml 799/-,0.0,0.0,0.0,0.0,0.0,0.0,0.0,0.0,1.0,0.0,0.0,0.0,1.0
OLEEV EX  VIRGIN GB - 1 LTR MRP 1499,0.0,0.0,0.0,0.0,0.0,7.0,0.0,18.0,25.0,10.0,10.0,8.0,78.0
Oleev Pomace 5 Ltr,0.0,0.0,2.0,0.0,2.0,0.0,0.0,0.0,0.0,0.0,0.0,0.0,4.0
OLEEV POMACE-1 LTR PET,0.0,0.0,10.0,0.0,3.0,6.0,0.0,15.0,14.0,26.0,0.0,0.0,74.0
PA 40 Degree Cool Oriental BOGO-245,0.0,0.0,0.0,0.0,0.0,0.0,0.0,0.0,0.0,0.0,2.0,0.0,2.0
PA Asl  Ace Splash 50ml,88.0,98.0,0.0,64.0,38.0,12.0,0.0,0.0,0.0,0.0,6.0,0.0,295.0
PA Asl Cool Blue 100ml 199/,0.0,0.0,0.0,0.0,0.0,0.0,0.0,0.0,24.0,0.0,24.0,3.0,51.0
PA Asl Cool Blue Splash 50ml,0.0,0.0,0.0,0.0,0.0,174.0,39.0,56.0,96.0,27.0,60.0,45.0,497.0
PA Asl Good Morning Splash 100ml,12.0,0.0,0.0,0.0,0.0,0.0,0.0,0.0,0.0,0.0,0.0,0.0,12.0
PA Asl Good Morning Splash 50ml,429.0,130.0,180.0,67.0,87.0,204.0,20.0,40.0,57.0,30.0,30.0,24.0,1298.0
PA Beer Shampoo Anti Dundruff 180ml,54.0,285.0,74.0,112.0,167.0,111.0,112.0,115.0,67.0,96.0,121.0,39.0,1353.0
PA Beer Shampoo Anti Dundruff 350ml,60.0,42.0,108.0,104.0,67.0,117.0,70.0,71.0,61.0,47.0,73.0,52.0,872.0
PA Beer Shampoo Daily Shine 180ml,82.0,269.0,106.0,156.0,274.0,201.0,119.0,95.0,93.0,96.0,78.0,66.0,1635.0
PA Beer Shampoo Daily Shine 350ml,30.0,27.0,60.0,42.0,48.0,55.0,65.0,60.0,21.0,51.0,45.0,90.0,594.0
PA Beer Shampoo Damage Free Hair 180ml,321.0,453.0,149.0,71.0,396.0,129.0,81.0,74.0,87.0,77.0,95.0,72.0,2005.0
PA Beer Shampoo Damage Free Hair 350ml,40.0,48.0,154.0,161.0,164.0,62.0,122.0,68.0,83.0,26.0,30.0,42.0,1000.0
PA Beer Shampoo Shiny &Bouncy 180ml,12.0,0.0,30.0,0.0,0.0,18.0,0.0,4.0,0.0,0.0,0.0,0.0,64.0
PA Body Deo Alter Ego 100gm (Mrp 240/-),7.0,8.0,22.0,10.0,23.0,19.0,27.0,13.0,18.0,29.0,17.0,38.0,231.0
PA Body Deo Cool Blue 100gm (Mrp 199/-),234.0,36.0,185.0,15.0,57.0,44.0,22.0,12.0,30.0,36.0,29.0,11.0,711.0
PA Body Deo Cool Blue 250ml (Mrp 265/-),59.0,38.0,60.0,62.0,35.0,34.0,45.0,46.0,28.0,27.0,39.0,84.0,557.0
PA Body Deo Electric 100gm (Mrp 199/-),0.0,0.0,0.0,0.0,0.0,0.0,6.0,0.0,0.0,0.0,16.0,0.0,22.0
PA Body Deo Good Morning 100gm (Mrp 199),171.0,30.0,206.0,28.0,29.0,40.0,20.0,26.0,28.0,12.0,50.0,48.0,688.0
PA Body Deo Good Morning 220ml 265/-,73.0,30.0,37.0,21.0,40.0,32.0,58.0,20.0,31.0,29.0,66.0,42.0,479.0
PA Body Deo Hero 100gm (Mrp 199/-),18.0,0.0,0.0,0.0,0.0,6.0,6.0,0.0,0.0,45.0,9.0,0.0,84.0
PA Body Deo Horizon 100 gm (Mrp 199/-),6.0,6.0,12.0,6.0,24.0,3.0,6.0,0.0,6.0,0.0,9.0,12.0,90.0
PA Body Deo Storm 100gm (Mrp 199/-),18.0,24.0,60.0,22.0,45.0,66.0,54.0,34.0,30.0,6.0,51.0,45.0,455.0
PA Body Deo Storm 250ml (Mrp 265/-),60.0,48.0,57.0,23.0,133.0,32.0,57.0,42.0,36.0,25.0,74.0,31.0,618.0
PA Body Deo Tranquil 100gm (Mrp 199/-),3.0,8.0,3.0,3.0,3.0,7.0,1.0,12.0,19.0,18.0,6.0,1.0,84.0
PA Body Deo Voyage 100gm,620.0,82.0,223.0,53.0,80.0,45.0,113.0,65.0,35.0,25.0,97.0,86.0,1524.0
PA Body Fragrance Alexander 150 ml 199/-,440.0,34.0,69.0,40.0,47.0,44.0,59.0,29.0,18.0,21.0,113.0,24.0,938.0
PA Body Fragrance EPIC 150 ml 199/-,289.0,78.0,30.0,44.0,31.0,27.0,23.0,8.0,21.0,31.0,59.0,56.0,697.0
PA Body Fragrance Marcus 150 ml  199/-,440.0,101.0,44.0,52.0,25.0,30.0,36.0,9.0,59.0,28.0,55.0,18.0,897.0
PA Deo  Assorted (2+1) 150ml MRP398,196.0,178.0,425.0,67.0,216.0,177.0,97.0,74.0,81.0,54.0,86.0,68.0,1719.0
PA Deo  Assorted GGS(2+1) 150ml MRP398,0.0,0.0,54.0,0.0,0.0,0.0,0.0,16.0,0.0,0.0,0.0,0.0,70.0
PA Deo  Assorted SSG(2+1) 150ml MRP398,0.0,0.0,23.0,3.0,6.0,82.0,0.0,0.0,0.0,0.0,0.0,0.0,114.0
PA Deo ActiCool  Slush Mrp- 190,0.0,0.0,0.0,0.0,0.0,0.0,0.0,0.0,0.0,0.0,2.0,0.0,2.0
PA Deo Regal+ Magnifico Mrp- 385,0.0,0.0,0.0,42.0,12.0,1.0,12.0,54.0,36.0,0.0,44.0,0.0,201.0
PA Deo Signature (2+1),239.0,275.0,595.0,71.0,147.0,184.0,141.0,154.0,98.0,77.0,132.0,132.0,2245.0
PA EAUDE COLONGE 100ml,31.0,6.0,47.0,24.0,161.0,33.0,34.0,39.0,67.0,30.0,37.0,18.0,527.0
PA EAUDE PERFUME 9 to 5 50ml,0.0,0.0,0.0,0.0,0.0,40.0,0.0,0.0,0.0,0.0,0.0,0.0,40.0
PA EDP Conquer 100ml,0.0,0.0,8.0,4.0,8.0,6.0,0.0,0.0,0.0,0.0,5.0,0.0,31.0
PA EDP Conquer 50ml 399/,0.0,0.0,12.0,4.0,3.0,1.0,0.0,0.0,0.0,0.0,0.0,0.0,20.0
PA EDP Euphoria 100ml,1.0,0.0,6.0,4.0,13.0,2.0,0.0,0.0,0.0,0.0,13.0,0.0,39.0
PA EDP Euphoria 50ml 399/,0.0,0.0,12.0,3.0,3.0,0.0,0.0,0.0,0.0,0.0,2.0,0.0,20.0
PA EDP G.F. 4 Season 50ml,17.0,6.0,0.0,0.0,0.0,6.0,0.0,0.0,0.0,0.0,0.0,0.0,29.0
PA EDP G.F. 9-5 50ml (MRP 280),0.0,0.0,12.0,0.0,0.0,6.0,0.0,0.0,0.0,0.0,0.0,0.0,18.0
PA EDP G.F. After 8 50ml,2.0,4.0,0.0,0.0,0.0,6.0,0.0,0.0,7.0,0.0,0.0,48.0,67.0
PA EDP G.F. Original  50ml,0.0,0.0,0.0,0.0,0.0,48.0,0.0,0.0,0.0,0.0,0.0,0.0,48.0
PA EDP HARMONY 100ml,0.0,3.0,6.0,13.0,11.0,3.0,0.0,0.0,0.0,4.0,8.0,0.0,48.0
PA EDP Harmony 50ml 399/,0.0,0.0,12.0,4.0,2.0,0.0,0.0,0.0,0.0,0.0,0.0,0.0,18.0
PA Good Morning Electric 150ml (Mrp 195),0.0,0.0,0.0,180.0,7.0,59.0,32.0,3.0,15.0,10.0,46.0,32.0,384.0
PA Good Morning Intense150ml (Mrp 199),0.0,0.0,0.0,228.0,18.0,54.0,6.0,3.0,744.0,257.0,1.0,0.0,1311.0
PA Good Morning Ultimate 150ml (Mrp 230),0.0,0.0,0.0,216.0,108.0,62.0,151.0,66.0,103.0,16.0,0.0,72.0,794.0
PA Groomig Gift Collection MRP748/-,0.0,0.0,2.0,0.0,0.0,0.0,114.0,0.0,0.0,0.0,0.0,0.0,116.0
PA Grooming Kit GM Regular,25.0,6.0,42.0,21.0,21.0,5.0,142.0,15.0,37.0,28.0,24.0,6.0,372.0
PA Grooming Kit GM Regular MRP685,0.0,1.0,0.0,12.0,3.0,0.0,0.0,0.0,0.0,0.0,0.0,0.0,16.0
PA Grooming Kit Luxury MRP 663/-,0.0,0.0,0.0,0.0,0.0,0.0,4.0,18.0,3.0,6.0,0.0,0.0,31.0
PA Hair Style Gel Rugged Hold,689.0,72.0,78.0,42.0,66.0,60.0,78.0,54.0,48.0,6.0,100.0,54.0,1347.0
PA Hair Style Gel Soft Hold,643.0,110.0,103.0,40.0,67.0,85.0,83.0,44.0,92.0,36.0,91.0,60.0,1454.0
PA Hair Style Gel Soft Hold 300gm 160/-,0.0,0.0,0.0,0.0,0.0,0.0,0.0,0.0,0.0,0.0,24.0,0.0,24.0
PA Hair Style Gel Wet look,91.0,96.0,96.0,71.0,65.0,78.0,82.0,77.0,78.0,0.0,61.0,42.0,837.0
PA Neo Perfume Deo Mega Pack Mrp- 299,60.0,42.0,36.0,66.0,18.0,9.0,56.0,63.0,54.0,804.0,32.0,90.0,1330.0
PA NEO PERFUME DEO Mrp- 240,32.0,57.0,48.0,41.0,91.0,70.0,97.0,59.0,49.0,33.0,60.0,0.0,637.0
PA Perfume Deo Impact Icon Mrp- 230,304.0,133.0,125.0,40.0,0.0,59.0,45.0,44.0,90.0,47.0,57.0,29.0,964.0
PA Perfume Deo Impact Icon Mrp- 250,0.0,0.0,0.0,5.0,0.0,0.0,0.0,0.0,0.0,0.0,0.0,0.0,0.0
PA Perfume Deo Impact Magnifico Mrp- 230,252.0,96.0,215.0,37.0,19.0,57.0,63.0,51.0,92.0,59.0,41.0,49.0,1031.0
PA Perfume Deo Impact Magnifico Mrp- 250,35.0,3.0,12.0,0.0,0.0,0.0,0.0,0.0,0.0,0.0,13.0,0.0,63.0
PA Perfume Deo Impact Regal Mrp- 230,144.0,97.0,154.0,42.0,59.0,94.0,100.0,51.0,106.0,10.0,58.0,69.0,984.0
PA Perfume Deo Impact Regal Mrp- 250,25.0,0.0,12.0,0.0,0.0,0.0,0.0,0.0,0.0,0.0,0.0,0.0,37.0
PA Perfume Gravitas MRP230/-,0.0,0.0,0.0,0.0,0.0,36.0,0.0,25.0,91.0,301.0,66.0,51.0,570.0
PA Perfume Maestro MRP230/-,0.0,0.0,0.0,0.0,0.0,36.0,0.0,26.0,86.0,301.0,72.0,66.0,587.0
PA Perfumned Deo Fiesta 135ml (Mrp 195),36.0,0.0,24.0,36.0,0.0,6.0,36.0,0.0,0.0,0.0,14.0,0.0,152.0
PA Perfumned Deo Trance 135ml (Mrp 195),83.0,45.0,98.0,24.0,63.0,67.0,39.0,64.0,57.0,24.0,30.0,71.0,665.0
PA Perfumned Deo Zouk 135ml (Mrp 195),54.0,15.0,8.0,9.0,9.0,21.0,54.0,15.0,21.0,6.0,60.0,9.0,281.0
PA Premium Deo 120ml (Pack of 2) MRP-425,0.0,0.0,0.0,0.0,6.0,0.0,9.0,3.0,0.0,0.0,0.0,0.0,0.0
PA Premium Perfume Gift Set MRP690/-,0.0,3.0,0.0,0.0,0.0,0.0,114.0,0.0,0.0,0.0,0.0,0.0,117.0
PA PRM ROOM F LAVENDER,0.0,0.0,0.0,0.0,0.0,6.0,0.0,0.0,0.0,37.0,0.0,0.0,43.0
PA PRM ROOM F ROSE,0.0,0.0,0.0,0.0,0.0,6.0,0.0,0.0,0.0,58.0,0.0,0.0,64.0
PA PRM ROOM F SANDLE,0.0,0.0,12.0,0.0,0.0,6.0,0.0,0.0,0.0,17.0,1.0,0.0,36.0
PA PRM ROOM F SHUBH,0.0,0.0,18.0,0.0,0.0,6.0,0.0,0.0,0.0,0.0,46.0,0.0,70.0
PA PRM Room Freh. Jasmine,0.0,0.0,0.0,0.0,0.0,0.0,0.0,0.0,0.0,10.0,0.0,0.0,10.0
PA PRM ROOM RAJNIGANDHA,0.0,0.0,0.0,0.0,0.0,0.0,0.0,0.0,0.0,24.0,0.0,0.0,24.0
PA Prm. Talc Beauty (Twin Pack) (Mrp 150,121.0,243.0,91.0,15.0,55.0,31.0,40.0,40.0,22.0,25.0,72.0,43.0,798.0
PA Prm. Talc Lavender (Twin Pack)-150,358.0,71.0,218.0,22.0,89.0,31.0,33.0,24.0,0.0,5.0,44.0,36.0,931.0
PA Prm. Talc SANDAL (Twin Pack) (Mrp150),12.0,6.0,42.0,0.0,12.0,6.0,0.0,13.0,0.0,5.0,45.0,12.0,153.0
PA Shaving Brush Silver,55.0,42.0,78.0,26.0,89.0,54.0,38.0,76.0,21.0,0.0,72.0,0.0,551.0
PA Shaving Cream  Classic  Mrp- 65/-,798.0,678.0,370.0,66.0,210.0,24.0,78.0,113.0,90.0,90.0,92.0,96.0,2705.0
PA Shaving Cream Cool Blue70gm,109.0,149.0,122.0,128.0,293.0,369.0,87.0,150.0,179.0,127.0,156.0,46.0,1915.0
PA Shaving Cream Good Morning 70gm,145.0,211.0,163.0,133.0,278.0,411.0,69.0,141.0,194.0,209.0,194.0,106.0,2254.0
PA Shaving Foam  200gm,3.0,2.0,23.0,2.0,2.0,25.0,71.0,104.0,55.0,25.0,38.0,16.0,366.0
PA Shaving Foam Good Morning 420gm,0.0,20.0,27.0,14.0,38.0,26.0,25.0,9.0,11.0,12.0,49.0,0.0,231.0
PA Signature Deo Explore 100gm (Mrp 240),0.0,0.0,0.0,12.0,48.0,6.0,0.0,17.0,0.0,0.0,1.0,0.0,84.0
PA Soap Cool Blue (3+1)125 gm MRP 135,89.0,107.0,0.0,137.0,476.0,93.0,72.0,86.0,61.0,56.0,48.0,65.0,1289.0
PA Soap Cool Blue 125 gm 45,109.0,154.0,181.0,122.0,133.0,147.0,150.0,131.0,73.0,69.0,119.0,40.0,1428.0
PA Soap Good Morning (3+1)125 gm MRP 135,0.0,0.0,0.0,0.0,0.0,16.0,16.0,8.0,6.0,0.0,0.0,0.0,46.0
PA Soap Good Morning 125gm 45,759.0,882.0,428.0,519.0,438.0,281.0,381.0,442.0,453.0,347.0,148.0,72.0,5150.0
PA Soap Luxury (3+1)125 gm MRP 135,56.0,75.0,0.0,144.0,385.0,69.0,84.0,49.0,67.0,66.0,111.0,27.0,1132.0
PA Soap Luxury 125 gm 45,22.0,54.0,86.0,34.0,62.0,62.0,53.0,38.0,41.0,48.0,103.0,0.0,603.0
PA Soap Storm 125gm 45/-,172.0,198.0,324.0,290.0,427.0,334.0,332.0,542.0,255.0,181.0,54.0,51.0,3160.0
PA Voyage Perfume Spray 220ml +GM 130ml,0.0,0.0,0.0,0.0,0.0,0.0,0.0,6.0,0.0,85.0,237.0,0.0,328.0
PA Voyage Perfume Spray 220ml Super Save,3274.0,258.0,146.0,11100.0,281.0,155.0,308.0,105.0,196.0,14.0,24.0,107.0,15968.0
Rizolo Oil 1 Ltr,0.0,0.0,0.0,0.0,0.0,0.0,0.0,0.0,12.0,0.0,0.0,0.0,12.0
Salary Reimbursment Claim,0.0,0.0,0.0,0.0,0.0,0.0,0.0,0.0,0.0,0.0,0.0,0.0,0.0
Sales Promotion And Conducting Market St,0.0,0.0,0.0,0.0,0.0,0.0,0.0,0.0,0.0,0.0,0.0,0.0,0.0
SKORE Book of Secrets 10'S PACK,0.0,0.0,0.0,0.0,28.0,0.0,0.0,0.0,0.0,0.0,0.0,0.0,28.0
SKORE CONDOMS BANANA 10'S PACK,0.0,0.0,0.0,42.0,56.0,99.0,57.0,37.0,21.0,102.0,52.0,46.0,512.0
SKORE CONDOMS BLUES 10'S PACK,0.0,0.0,0.0,110.0,68.0,109.0,72.0,210.0,150.0,264.0,144.0,204.0,1331.0
SKORE CONDOMS CHERRY 10'S PACK,0.0,0.0,0.0,0.0,0.0,0.0,0.0,0.0,0.0,5.0,11.0,1.0,17.0
SKORE CONDOMS CHOCOLATE 10'S PACK,0.0,0.0,5.0,96.0,60.0,83.0,72.0,175.0,192.0,171.0,152.0,120.0,1126.0
SKORE CONDOMS COOL 10'S PACK,0.0,0.0,0.0,44.0,11.0,17.0,15.0,30.0,69.0,39.0,61.0,36.0,322.0
SKORE CONDOMS DOTS 10'S PACK,0.0,0.0,0.0,0.0,12.0,48.0,16.0,22.0,0.0,88.0,31.0,32.0,249.0
SKORE CONDOMS FLAVOURS 20'S PACK,0.0,0.0,0.0,24.0,24.0,18.0,41.0,22.0,24.0,37.0,29.0,6.0,225.0
SKORE CONDOMS NOT OUT 10'S PACK,0.0,0.0,9.0,160.0,175.0,109.0,107.0,242.0,163.0,295.0,159.0,171.0,1590.0
SKORE CONDOMS NOTOUT 20'S PACK,0.0,0.0,0.0,12.0,12.0,30.0,21.0,12.0,12.0,20.0,32.0,40.0,191.0
SKORE CONDOMS ORANGE 10'S PACK,0.0,0.0,3.0,58.0,72.0,48.0,33.0,88.0,112.0,135.0,60.0,61.0,670.0
SKORE CONDOMS PINACOLADA 10'S PACK,0.0,0.0,0.0,0.0,0.0,0.0,0.0,0.0,0.0,10.0,10.0,4.0,24.0
SKORE CONDOMS SHADES 10'S PACK,0.0,0.0,3.0,69.0,32.0,66.0,57.0,52.0,110.0,21.0,37.0,44.0,491.0
SKORE CONDOMS SHADES 20'S PACK,0.0,0.0,0.0,0.0,0.0,0.0,24.0,12.0,2.0,6.0,12.0,20.0,76.0
SKORE CONDOMS STRAWBERRY 10'S PACK,0.0,0.0,7.0,72.0,103.0,92.0,74.0,99.0,128.0,157.0,151.0,93.0,976.0
SKORE FLAVOURED LUBE CHERRY  50 ML,0.0,0.0,0.0,0.0,0.0,0.0,0.0,0.0,0.0,6.0,0.0,0.0,6.0
SKORE FLAVOURED LUBE STRAWBERRY  50 ML,0.0,0.0,0.0,0.0,0.0,0.0,0.0,0.0,0.0,5.0,0.0,0.0,5.0
SKORE SENSATIONAL  LUBE COOL  50 ML,0.0,0.0,0.0,0.0,0.0,0.0,0.0,0.0,0.0,6.0,0.0,0.0,6.0
SKORE SENSATIONAL  LUBE WARM  50 ML,0.0,0.0,0.0,0.0,0.0,0.0,0.0,0.0,54.0,0.0,0.0,6.0,60.0
SKORE SKIN CREAM LUBES CHERRY 50ML 250/-,0.0,0.0,0.0,0.0,0.0,12.0,0.0,12.0,30.0,0.0,0.0,0.0,54.0
SKORE SKIN CREAM LUBES COOL 50ML 250/-,0.0,0.0,0.0,0.0,0.0,12.0,0.0,12.0,30.0,0.0,0.0,0.0,54.0
SKORE SKIN CRM LUBES STRAWBRY 50ML 250/-,0.0,0.0,0.0,0.0,0.0,12.0,0.0,12.0,30.0,6.0,0.0,0.0,60.0
SKORE SKINTHIN 10'S PK (10'S PK X 24 IN),0.0,0.0,8.0,62.0,69.0,39.0,33.0,0.0,168.0,133.0,131.0,30.0,673.0
SKORE TIMELESS 10'S PK (10'S PK X 24 IN),0.0,0.0,5.0,23.0,97.0,44.0,14.0,60.0,39.0,110.0,57.0,0.0,449.0
SKORE ZIGZAG 10'S PK (10'S PK X 24 IN),0.0,0.0,1.0,68.0,110.0,79.0,50.0,133.0,227.0,186.0,90.0,117.0,1061.0
SMX SWIFT3 SYSTEM R+4,0.0,0.0,15.0,18.0,71.0,607.0,18.0,138.0,92.0,227.0,70.0,47.0,1303.0
SMX SWIFT3 SYSTEM RAZOR 11 For Loc,0.0,0.0,12.0,0.0,2.0,434.0,0.0,46.0,107.0,213.0,31.0,0.0,845.0
SMX3 HATTRIK 5 Pack 90/,0.0,0.0,12.0,126.0,99.0,593.0,1026.0,318.0,339.0,1505.0,279.0,252.0,4549.0
Sterling Blonder Powder 20gm,120.0,84.0,324.0,396.0,72.0,228.0,480.0,444.0,444.0,732.0,900.0,271.0,4495.0
Sterling Blonder Powder 400gm,0.0,12.0,6.0,0.0,1.0,0.0,12.0,61.0,10.0,48.0,15.0,20.0,173.0
Sterling Developer  250ml(Volume20),15.0,0.0,84.0,144.0,0.0,133.0,156.0,7.0,18.0,156.0,216.0,0.0,929.0
Sterling Developer  250ml(Volume30),44.0,0.0,88.0,18.0,0.0,0.0,12.0,0.0,48.0,24.0,24.0,0.0,197.0
Sterling Developer  250ml(Volume40),44.0,0.0,99.0,0.0,0.0,36.0,0.0,0.0,60.0,24.0,36.0,0.0,270.0
Sterling Developer  750ml(Volume20),0.0,0.0,0.0,0.0,0.0,96.0,222.0,168.0,60.0,90.0,96.0,102.0,834.0
Sterling Developer  750ml(Volume30),0.0,0.0,0.0,0.0,0.0,48.0,12.0,30.0,30.0,12.0,6.0,18.0,156.0
Sterling Developer  750ml(Volume40),0.0,0.0,0.0,0.0,0.0,36.0,30.0,18.0,12.0,0.0,6.0,18.0,120.0
Sterling Hair Serum 100ml,474.0,240.0,71.0,504.0,120.0,20.0,336.0,456.0,336.0,420.0,684.0,414.0,4075.0
Streax Body Mist 2+1 (3*100m),0.0,0.0,24.0,0.0,0.0,0.0,14.0,7.0,8.0,5.0,0.0,0.0,58.0
Streax Body Mist Lily Vanila 100m,0.0,6.0,9.0,0.0,0.0,0.0,15.0,5.0,7.0,8.0,0.0,0.0,50.0
Streax Body Mist Orntl Blsm 100m,6.0,2.0,6.0,0.0,0.0,19.0,3.0,0.0,10.0,5.0,0.0,0.0,51.0
Streax Body Mist Peach Love 100m,0.0,0.0,17.0,0.0,0.0,0.0,5.0,2.0,13.0,8.0,0.0,7.0,52.0
Streax Body Mist Refreshing CLUB 100m,36.0,4.0,5.0,0.0,0.0,39.0,39.0,2.0,6.0,44.0,16.0,2.0,193.0
Streax Body Mist Refreshing DERBY 100m,30.0,4.0,0.0,0.0,0.0,44.0,35.0,4.0,8.0,51.0,5.0,4.0,185.0
Streax Body Mist Refreshing GLAM 100m,36.0,5.0,4.0,0.0,0.0,38.0,42.0,7.0,10.0,10.0,11.0,4.0,167.0
Streax Color Lock Hair Serum 100m,0.0,0.0,0.0,0.0,0.0,72.0,60.0,6.0,15.0,84.0,1.0,2.0,240.0
Streax Feel Fresh Deo Birdy -150gm,6.0,0.0,0.0,0.0,0.0,11.0,0.0,0.0,0.0,0.0,0.0,0.0,17.0
Streax Hair Color Burgundy 3.16,12.0,1.0,3.0,3.0,2.0,0.0,0.0,6.0,0.0,0.0,6.0,6.0,39.0
Streax Hair Color Dark Brown 3 No,24.0,11.0,3.0,87.0,231.0,176.0,150.0,70.0,54.0,157.0,93.0,129.0,1185.0
Streax Hair Color Light Brown 5No,0.0,24.0,0.0,0.0,0.0,0.0,0.0,0.0,0.0,0.0,12.0,0.0,36.0
Streax Hair Color Natural Black 1No,18.0,14.0,72.0,42.0,223.0,137.0,125.0,21.0,48.0,132.0,99.0,78.0,1009.0
Streax Hair Color Smart Burgundy  MRP30,12.0,20.0,0.0,0.0,0.0,0.0,0.0,0.0,0.0,0.0,0.0,0.0,32.0
Streax Hair Color Smart D Brown,28.0,29.0,192.0,0.0,192.0,281.0,0.0,1152.0,0.0,0.0,20.0,384.0,2278.0
Streax Hair Color Smart N Black,14.0,1.0,192.0,0.0,0.0,204.0,6.0,576.0,1943.0,17.0,9.0,195.0,3157.0
Streax Hair Color Smart N Brown  MRP30,17.0,5.0,0.0,0.0,0.0,0.0,0.0,0.0,12.0,0.0,0.0,192.0,226.0
Streax Hair Serum 100m,453.0,138.0,303.0,260.0,918.0,872.0,629.0,894.0,917.0,1025.0,1003.0,558.0,7970.0
Streax Hair Serum 25m,0.0,0.0,0.0,0.0,0.0,0.0,0.0,0.0,0.0,150.0,0.0,0.0,150.0
Streax HC Insta D Brown 20/-,0.0,0.0,192.0,0.0,192.0,192.0,192.0,192.0,984.0,0.0,0.0,592.0,2536.0
Streax HC Insta N Black  20/-,0.0,0.0,192.0,0.0,0.0,192.0,192.0,768.0,0.0,266.0,384.0,400.0,2394.0
Streax HC Smart Cinnamon Red  MRP30,14.0,3.0,0.0,0.0,0.0,0.0,0.0,0.0,0.0,0.0,0.0,0.0,17.0
Streax HC Ultralights Soft,24.0,14.0,0.0,12.0,6.0,40.0,58.0,0.0,2.0,27.0,13.0,13.0,209.0
Streax HC Ultralights Vibrant,0.0,0.0,0.0,0.0,0.0,36.0,21.0,0.0,7.0,38.0,5.0,0.0,107.0
Streax Insta HC N Black  25ml,0.0,0.0,0.0,144.0,0.0,0.0,0.0,0.0,0.0,0.0,0.0,0.0,144.0
Streax Insta HC N Black  90ml,30.0,2.0,0.0,0.0,0.0,0.0,0.0,0.0,0.0,0.0,6.0,0.0,38.0
Streax Sun Block Hair Serum 100m,0.0,0.0,0.0,0.0,0.0,72.0,60.0,6.0,5.0,107.0,0.0,0.0,250.0
Streax TLC  Dark Brown 170m No3,3.0,2.0,0.0,0.0,2.0,2.0,15.0,18.0,16.0,29.0,0.0,0.0,87.0
Streax TLC D Brown 95ml,61.0,3.0,72.0,360.0,0.0,232.0,153.0,150.0,55.0,68.0,404.0,36.0,1594.0
Streax TLC N Black 170ml 1 No,0.0,10.0,0.0,0.0,0.0,4.0,10.0,10.0,11.0,20.0,7.0,0.0,72.0
Streax TLC N Black 95ml,46.0,0.0,36.0,72.0,144.0,435.0,2.0,0.0,61.0,81.0,38.0,72.0,987.0
Super Vasmol Kesh kala-33 100ml,14.0,29.0,342.0,15.0,27.0,216.0,108.0,120.0,498.0,0.0,444.0,882.0,2695.0
Super Vasmol Kesh kala-33 50ml,0.0,0.0,0.0,0.0,0.0,0.0,0.0,0.0,0.0,0.0,0.0,48.0,48.0
Supermax Elegance 4RC-Black,0.0,0.0,21.0,17.0,70.0,548.0,69.0,162.0,77.0,296.0,19.0,0.0,1279.0
SUPERMAX SHAVING FOAM CLASSIC-400,0.0,0.0,0.0,0.0,0.0,240.0,0.0,0.0,0.0,0.0,0.0,0.0,240.0
SUPERMAX SHAVING FOAM SENSITIVE-400,0.0,0.0,0.0,0.0,0.0,240.0,0.0,0.0,0.0,0.0,0.0,0.0,240.0
Supermax Soccer II DC 50/-,0.0,0.0,0.0,0.0,0.0,0.0,0.0,18.0,12.0,0.0,0.0,0.0,30.0
Supermax Soccer II RC5 54/-,0.0,0.0,0.0,0.0,0.0,0.0,0.0,18.0,18.0,0.0,0.0,0.0,36.0
Supermax Syrine 3 Pack 100/,0.0,0.0,12.0,42.0,18.0,468.0,73.0,102.0,95.0,180.0,9.0,24.0,1023.0
TBC  Charcol Bleach 325/-,0.0,0.0,0.0,0.0,0.0,0.0,0.0,0.0,0.0,0.0,2.0,0.0,2.0
TBC  Gold Cream  750/-,1.0,0.0,0.0,0.0,0.0,0.0,0.0,0.0,0.0,0.0,0.0,0.0,1.0
TBC  Jewel Luxury Bleach 325/-,18.0,28.0,15.0,2.0,3.0,17.0,30.0,6.0,5.0,13.0,9.0,1.0,147.0
TBC  Marine Mineral Scrub 195/,9.0,20.0,5.0,7.0,4.0,12.0,0.0,9.0,0.0,0.0,0.0,0.0,66.0
TBC  Power D Tan Cream+Pack 725/-,12.0,13.0,17.0,4.0,10.0,2.0,0.0,0.0,0.0,3.0,4.0,12.0,77.0
TBC 24ct Fairness Gold Bleach 43g 70/-,36.0,51.0,39.0,12.0,24.0,42.0,16.0,6.0,30.0,20.0,7.0,0.0,283.0
TBC 24CT GOLD BLEACH 300G 275/-,9.0,20.0,4.0,2.0,7.0,15.0,13.0,1.0,4.0,3.0,6.0,7.0,91.0
TBC 24ct Gold Face Wash 100ml 110/-,6.0,7.0,3.0,0.0,0.0,12.0,4.0,6.0,15.0,7.0,3.0,9.0,72.0
TBC 24CT GOLD FACIAL KIT 260G 900/-,0.0,3.0,12.0,4.0,2.0,0.0,6.0,2.0,2.0,0.0,0.0,0.0,31.0
TBC 24CT Gold Kit 200gm 425/-,0.0,0.0,0.0,0.0,0.0,0.0,0.0,6.0,10.0,0.0,0.0,0.0,16.0
TBC 24CT Gold Kit 55gm 285/-,0.0,24.0,16.0,0.0,3.0,10.0,0.0,0.0,0.0,0.0,0.0,6.0,59.0
TBC 7 IN 1 HAIL OIL 200ml 225/-,9.0,5.0,23.0,0.0,6.0,0.0,0.0,0.0,0.0,0.0,0.0,0.0,43.0
TBC 7 IN 1 Hair Conditioner 200ml 225/-,11.0,6.0,9.0,4.0,1.0,9.0,3.0,0.0,0.0,0.0,3.0,0.0,46.0
TBC ACNE FACE WASH100GM 195/-,2.0,0.0,0.0,0.0,0.0,0.0,0.0,0.0,0.0,0.0,0.0,0.0,2.0
TBC Age Repair Face Pack 100g 210/-,0.0,3.0,6.0,2.0,0.0,3.0,4.0,0.0,6.0,10.0,12.0,3.0,49.0
TBC Age Repair Tonic 100g 425/-,0.0,0.0,0.0,3.0,5.0,0.0,7.0,0.0,6.0,6.0,3.0,6.0,36.0
TBC AHA FRUIT BLEACH 35G 70/-,30.0,21.0,15.0,12.0,9.0,27.0,6.0,18.0,6.0,6.0,0.0,0.0,150.0
TBC AHA Fruit KIT 400 GM 700/-,11.0,8.0,6.0,1.0,9.0,6.0,12.0,0.0,2.0,0.0,0.0,0.0,55.0
TBC AHA Fruit KIT 55GM 285/-,5.0,2.0,7.0,0.0,8.0,10.0,11.0,0.0,0.0,10.0,0.0,3.0,56.0
TBC ALOEGEL 350ML 375/-,0.0,0.0,5.0,0.0,4.0,0.0,0.0,0.0,0.0,0.0,0.0,0.0,9.0
TBC ALOEPAYA SCRUB 100G 175/-,0.0,0.0,24.0,13.0,18.0,0.0,0.0,0.0,0.0,0.0,0.0,0.0,55.0
TBC ALOEPAYA SCRUB 400G 375/-,0.0,0.0,5.0,5.0,1.0,0.0,2.0,0.0,0.0,0.0,0.0,0.0,13.0
TBC Aloevera Hydrating gel 100ml 85/-,12.0,24.0,33.0,11.0,6.0,6.0,0.0,0.0,0.0,6.0,15.0,12.0,125.0
TBC ALOGEL 375/-,2.0,0.0,0.0,3.0,0.0,0.0,0.0,0.0,0.0,0.0,0.0,0.0,5.0
TBC Alovera Hair Removal Cream 50gm 72/-,0.0,24.0,6.0,0.0,0.0,48.0,0.0,12.0,0.0,0.0,0.0,0.0,90.0
TBC Alovera Lotion 300ml 135/-,0.0,0.0,0.0,0.0,0.0,0.0,51.0,18.0,27.0,15.0,0.0,6.0,117.0
TBC Anti Acne Kit 260g 795/-,0.0,0.0,0.0,1.0,5.0,2.0,0.0,0.0,0.0,2.0,0.0,0.0,10.0
TBC Anti Acne Pack 100g 195/-,8.0,9.0,0.0,9.0,9.0,12.0,0.0,0.0,0.0,0.0,0.0,0.0,47.0
TBC Anti Aging Cream 550/-,6.0,1.0,0.0,0.0,0.0,0.0,0.0,0.0,0.0,0.0,0.0,0.0,7.0
TBC Anti Blemish Face wash 100ml 120/-,27.0,9.0,19.0,12.0,19.0,0.0,4.0,0.0,0.0,0.0,0.0,0.0,90.0
TBC Aprimond Scrub 400g 375/-,2.0,0.0,6.0,8.0,5.0,0.0,7.0,0.0,0.0,0.0,0.0,0.0,28.0
TBC Argan Oil Hand and Foot spa 1195/-,3.0,3.0,0.0,0.0,0.0,0.0,0.0,0.0,0.0,0.0,0.0,0.0,6.0
TBC BLEMISH PACK 100 195/-,8.0,0.0,0.0,0.0,0.0,0.0,0.0,0.0,0.0,0.0,0.0,0.0,8.0
TBC Blue Diamond Cream 800/-,1.0,1.0,0.0,0.0,0.0,0.0,0.0,0.0,0.0,0.0,0.0,0.0,2.0
TBC Blue Diamond Gel 800/-,1.0,0.0,0.0,0.0,0.0,0.0,0.0,0.0,0.0,0.0,0.0,0.0,1.0
TBC Blue Diamond Pack 800/-,1.0,0.0,0.0,0.0,0.0,0.0,0.0,0.0,0.0,0.0,0.0,0.0,1.0
TBC Blue Diamond Scrub 800/,1.0,0.0,0.0,0.0,0.0,1.0,0.0,0.0,0.0,0.0,0.0,0.0,2.0
TBC Charcol Gel 120g 250/-,0.0,0.0,0.0,13.0,0.0,0.0,10.0,0.0,0.0,3.0,0.0,0.0,26.0
TBC Charcol KIT Mini 325/-,0.0,0.0,0.0,20.0,23.0,27.0,26.0,3.0,8.0,12.0,18.0,15.0,152.0
TBC Charcol Mask 120g 250/-,0.0,18.0,53.0,72.0,69.0,51.0,12.0,36.0,36.0,18.0,12.0,12.0,389.0
TBC Charcol Mask 50g 150/-,0.0,0.0,0.0,9.0,24.0,6.0,6.0,6.0,6.0,16.0,10.0,4.0,87.0
TBC Charcol Scrub 100g 160/-,9.0,48.0,42.0,39.0,51.0,63.0,0.0,0.0,0.0,0.0,0.0,11.0,263.0
TBC Charcol Shampoo 200g 200/-,9.0,6.0,18.0,6.0,3.0,12.0,12.0,0.0,2.0,3.0,0.0,0.0,71.0
TBC Chocolate Facial Kit 260g 6in1 795/-,0.0,2.0,0.0,0.0,0.0,0.0,2.0,0.0,0.0,0.0,0.0,0.0,4.0
TBC D TAN BLEACH 300GM 325/-,26.0,13.0,15.0,15.0,5.0,0.0,0.0,0.0,0.0,0.0,0.0,6.0,80.0
TBC D TAN BLEACH 35gm 80/-,30.0,42.0,12.0,27.0,69.0,15.0,33.0,12.0,12.0,12.0,12.0,24.0,300.0
TBC D TAN FACE & BODY PACK 100G 195/-,18.0,15.0,21.0,7.0,5.0,0.0,0.0,0.0,0.0,0.0,0.0,0.0,66.0
TBC D TAN PACK 100gm 399/-,5.0,13.0,10.0,4.0,12.0,11.0,9.0,0.0,5.0,0.0,7.0,2.0,78.0
TBC DIAMOND BLEACH 300G 300/-,3.0,17.0,18.0,2.0,20.0,15.0,18.0,0.0,7.0,6.0,0.0,6.0,112.0
TBC DIAMOND BLEACH 35G 70/-,21.0,69.0,36.0,36.0,12.0,0.0,0.0,6.0,11.0,0.0,0.0,0.0,191.0
TBC Diamond Day Cream 50g 199/-,0.0,27.0,22.0,5.0,3.0,0.0,0.0,0.0,3.0,56.0,4.0,0.0,120.0
TBC Diamond Face Wash   100ml 200/-,17.0,5.0,25.0,3.0,6.0,15.0,12.0,3.0,9.0,11.0,0.0,6.0,112.0
TBC Diamond Face Wash 110/-,0.0,0.0,0.0,12.0,12.0,6.0,0.0,0.0,0.0,6.0,0.0,0.0,36.0
TBC Diamond Facial Kit 55g 285/,22.0,8.0,7.0,6.0,20.0,7.0,38.0,3.0,9.0,9.0,7.0,13.0,149.0
TBC Diamond Hair Removal Cream 50gm 72/-,24.0,12.0,42.0,24.0,42.0,18.0,0.0,0.0,0.0,0.0,12.0,0.0,174.0
TBC DIAMOND KIT 260GM 795/-,0.0,0.0,0.0,3.0,5.0,4.0,10.0,3.0,3.0,4.0,4.0,0.0,36.0
TBC DIAMOND KIT 260GM 900/-,7.0,10.0,16.0,3.0,4.0,3.0,1.0,0.0,0.0,0.0,0.0,0.0,44.0
TBC Diamond Mask 120g 425/-,38.0,43.0,2.0,0.0,3.0,5.0,15.0,0.0,0.0,3.0,0.0,0.0,109.0
TBC Diamond Night Cream 50g 199/,3.0,4.0,6.0,2.0,11.0,5.0,0.0,6.0,1.0,21.0,0.0,0.0,59.0
TBC D-TAN POWER KIT 1950/-,4.0,1.0,0.0,0.0,0.0,0.0,0.0,0.0,0.0,0.0,0.0,0.0,5.0
TBC Foot Care Cream 50g 60/-,0.0,0.0,0.0,0.0,0.0,0.0,0.0,0.0,0.0,24.0,0.0,6.0,30.0
TBC Frosted Cleanser 350/-,18.0,21.0,8.0,8.0,5.0,9.0,15.0,9.0,12.0,12.0,0.0,0.0,117.0
TBC Frosted Magic Day GEL+CR 550/-,20.0,5.0,6.0,6.0,11.0,7.0,0.0,0.0,0.0,0.0,0.0,0.0,55.0
TBC Frosted Magic Scrub 400/-,1.0,14.0,0.0,0.0,0.0,0.0,3.0,0.0,6.0,0.0,0.0,0.0,24.0
TBC Frosted Sleeping Mask 550/-,7.0,0.0,6.0,0.0,0.0,6.0,0.0,0.0,1.0,0.0,0.0,0.0,20.0
TBC Frosted Toner 50 450/-,11.0,1.0,0.0,0.0,2.0,1.0,5.0,6.0,0.0,2.0,0.0,0.0,28.0
TBC Frosted White Night GEL 550/-,15.0,10.0,3.0,0.0,13.0,5.0,1.0,0.0,0.0,0.0,0.0,0.0,47.0
TBC Fruit Face wash 100ml 95/-,0.0,0.0,24.0,6.0,0.0,11.0,0.0,0.0,9.0,0.0,9.0,0.0,59.0
TBC FRUIT FACIAL KIT 4IN1 400G 1250/-,0.0,0.0,0.0,0.0,0.0,0.0,0.0,0.0,0.0,0.0,0.0,1.0,1.0
TBC Fruit Lotion 100ml 70/-,0.0,0.0,0.0,0.0,6.0,24.0,0.0,0.0,6.0,9.0,0.0,0.0,45.0
TBC Fruit Lotion 300ml 135/-,0.0,0.0,0.0,0.0,0.0,0.0,0.0,0.0,0.0,30.0,0.0,3.0,33.0
TBC Fruit Lotion 500ml 210/-,14.0,0.0,0.0,0.0,0.0,24.0,0.0,0.0,0.0,0.0,0.0,0.0,38.0
TBC FRUIT PACK 50ml 70/-,3.0,0.0,3.0,0.0,0.0,0.0,3.0,0.0,3.0,0.0,0.0,0.0,12.0
TBC Fruit SCrub 50G 70/-,3.0,0.0,9.0,0.0,0.0,0.0,3.0,0.0,0.0,0.0,0.0,0.0,15.0
TBC Glow Face Wash 100ml 195,24.0,15.0,21.0,13.0,9.0,19.0,3.0,0.0,3.0,0.0,3.0,0.0,110.0
TBC GOLD FACIAL KIT 260G 900/-,0.0,0.0,0.0,0.0,2.0,3.0,3.0,0.0,0.0,0.0,0.0,0.0,8.0
TBC Gold GEL 750/-,1.0,0.0,0.0,0.0,0.0,0.0,0.0,0.0,0.0,0.0,0.0,0.0,1.0
TBC GOLD HAIR REMOVAL CREAM 50GM 72/-,6.0,6.0,0.0,0.0,0.0,0.0,0.0,0.0,0.0,0.0,0.0,0.0,12.0
TBC Gold Pack  750/-,1.0,0.0,0.0,0.0,0.0,0.0,0.0,0.0,0.0,0.0,0.0,0.0,1.0
TBC Gold Scrub  750/-,2.0,0.0,0.0,0.0,0.0,0.0,0.0,0.0,0.0,0.0,0.0,0.0,2.0
TBC HAIR SERUM 100ml 180/-,30.0,12.0,21.0,25.0,24.0,15.0,0.0,0.0,0.0,0.0,0.0,0.0,127.0
TBC HAIR SERUM 50ml 100/-,0.0,0.0,0.0,0.0,6.0,6.0,0.0,2.0,0.0,0.0,0.0,0.0,14.0
TBC HAIR SPA CREAM 550/-,2.0,12.0,14.0,0.0,9.0,4.0,2.0,0.0,2.0,2.0,3.0,0.0,50.0
TBC HAIR SPA CREAM 950/-,0.0,0.0,1.0,0.0,0.0,0.0,0.0,0.0,0.0,0.0,0.0,0.0,1.0
TBC HERBAL BLEACH 350G 345/-,1.0,8.0,4.0,2.0,2.0,0.0,0.0,0.0,0.0,0.0,0.0,0.0,17.0
TBC HONEY & ALMOND CREAM 100GM 75/-,3.0,5.0,0.0,0.0,0.0,0.0,0.0,0.0,0.0,0.0,0.0,0.0,8.0
TBC Honey Almond Cream 500gm 230/-,0.0,0.0,0.0,0.0,0.0,0.0,12.0,0.0,0.0,12.0,8.0,0.0,32.0
TBC Honey Almond Lotion 100ml 70/-,0.0,0.0,0.0,0.0,0.0,0.0,0.0,0.0,12.0,0.0,0.0,0.0,12.0
TBC Honey Almond Lotion 300ml 135/-,0.0,0.0,0.0,0.0,0.0,0.0,45.0,0.0,0.0,51.0,6.0,0.0,102.0
TBC Honey Almond Lotion 500ml 210/-,0.0,0.0,0.0,0.0,0.0,0.0,36.0,0.0,0.0,33.0,6.0,0.0,75.0
TBC INSTA GLOW FACE PACK 400G 375/-,0.0,0.0,6.0,0.0,0.0,0.0,0.0,0.0,0.0,0.0,0.0,0.0,6.0
TBC Insta Glow Herbal Bleach 345/-,2.0,0.0,0.0,0.0,0.0,0.0,0.0,0.0,0.0,0.0,0.0,0.0,2.0
TBC Instant Radiance Vita-C Kit 1400/,1.0,3.0,0.0,1.0,4.0,0.0,0.0,0.0,0.0,0.0,0.0,0.0,9.0
TBC JEWEL BLEACH 43ml 70/-,0.0,0.0,36.0,18.0,39.0,33.0,60.0,18.0,30.0,24.0,30.0,15.0,303.0
TBC JEWEL FACE WASH 120ml 110/-,14.0,14.0,18.0,9.0,4.0,9.0,18.0,9.0,6.0,9.0,27.0,0.0,137.0
TBC JEWEL FACIAL KIT  285/-,10.0,24.0,9.0,11.0,12.0,5.0,0.0,0.0,1.0,0.0,0.0,0.0,72.0
TBC JEWEL FACIAL KIT 260G 1295/,4.0,4.0,5.0,0.0,9.0,3.0,2.0,0.0,0.0,2.0,4.0,2.0,35.0
TBC Jewel Luxury Cleanser 600/,0.0,0.0,1.0,0.0,0.0,2.0,0.0,0.0,0.0,0.0,0.0,0.0,3.0
TBC Jewel Luxury Cream  600/,0.0,0.0,1.0,0.0,0.0,0.0,1.0,0.0,0.0,0.0,0.0,0.0,2.0
TBC Jewel Luxury Facial Kit 725,13.0,11.0,10.0,3.0,8.0,6.0,12.0,3.0,5.0,11.0,9.0,5.0,96.0
TBC Jewel Luxury Gel 600/,0.0,0.0,1.0,0.0,0.0,0.0,1.0,0.0,0.0,0.0,0.0,0.0,2.0
TBC Jewel Luxury S/W Scrub 600/,0.0,0.0,1.0,0.0,0.0,2.0,0.0,0.0,0.0,0.0,0.0,0.0,3.0
TBC K FACTOR SHAMPOO 200ml 195/,0.0,0.0,0.0,13.0,10.0,13.0,2.0,3.0,0.0,5.0,3.0,0.0,49.0
TBC LACTO TAN CLEAR 50 80/-,0.0,0.0,0.0,6.0,0.0,0.0,0.0,0.0,0.0,0.0,0.0,0.0,6.0
TBC MATTIFYING CREAMSFP 30 50ML 199/,5.0,23.0,4.0,0.0,0.0,0.0,0.0,0.0,0.0,0.0,0.0,0.0,32.0
TBC Melon Tea Tree Astrigent 100ml 155/-,12.0,15.0,6.0,15.0,10.0,12.0,6.0,12.0,0.0,3.0,0.0,6.0,97.0
TBC Navratna Facial Kit 795/-,0.0,0.0,0.0,0.0,0.0,0.0,0.0,0.0,0.0,0.0,0.0,1.0,1.0
TBC Neem & Alovera Facewash 100gm 95/,27.0,32.0,39.0,12.0,0.0,37.0,10.0,24.0,6.0,15.0,33.0,18.0,253.0
TBC Orange Face Wash 100ml 140/-,0.0,0.0,0.0,24.0,19.0,31.0,12.0,12.0,0.0,0.0,0.0,0.0,98.0
TBC Papaya Anti Blemish Kit 260g 795/-,0.0,2.0,0.0,0.0,1.0,0.0,6.0,0.0,0.0,3.0,3.0,5.0,20.0
TBC Papaya Cream 100g 140/-,61.0,30.0,17.0,33.0,15.0,24.0,15.0,27.0,29.0,0.0,0.0,24.0,275.0
TBC Papaya Cream 50g 80/-,0.0,0.0,0.0,0.0,0.0,0.0,0.0,0.0,12.0,18.0,14.0,7.0,51.0
TBC Papaya Face Wash 100ml 145/-,26.0,26.0,14.0,12.0,28.0,28.0,15.0,19.0,12.0,18.0,27.0,24.0,249.0
TBC PAPAYA FACIAL KIT 750/-,4.0,10.0,6.0,3.0,11.0,14.0,3.0,0.0,0.0,0.0,0.0,0.0,51.0
TBC Papaya HR Cream 50gm 72/-,0.0,0.0,0.0,3.0,0.0,0.0,0.0,0.0,0.0,0.0,0.0,0.0,3.0
TBC Papaya Kit 55g 285/,9.0,21.0,3.0,3.0,19.0,6.0,27.0,0.0,0.0,0.0,0.0,0.0,88.0
TBC PAPAYA PACK 100ml 140/-,12.0,9.0,18.0,9.0,14.0,9.0,6.0,3.0,18.0,6.0,15.0,10.0,129.0
TBC PAPAYA SCRUB 100G 150/-,20.0,24.0,7.0,6.0,19.0,27.0,19.0,21.0,9.0,10.0,9.0,12.0,183.0
TBC Party Glow Kit 55g 285/-,6.0,2.0,12.0,0.0,0.0,13.0,3.0,0.0,0.0,0.0,0.0,0.0,36.0
TBC Pear Face wash 100ml 165/-,6.0,0.0,18.0,3.0,0.0,15.0,18.0,0.0,3.0,0.0,0.0,0.0,63.0
TBC Pearl Facial Kit 285/-,0.0,0.0,0.0,0.0,0.0,5.0,0.0,0.0,0.0,0.0,0.0,0.0,5.0
TBC Pearl Whitening day Cream 50g 295/-,17.0,12.0,7.0,2.0,0.0,0.0,0.0,0.0,0.0,0.0,0.0,0.0,38.0
TBC POWER D TAN + PACK  100ml 399/-,0.0,0.0,0.0,2.0,3.0,2.0,3.0,3.0,3.0,0.0,0.0,3.0,19.0
TBC POWER D TAN ++ SCRUB 100ml 399/-,5.0,10.0,6.0,2.0,12.0,5.0,0.0,3.0,3.0,0.0,3.0,5.0,54.0
TBC Power D Tan Face Wash 135/-,12.0,43.0,0.0,33.0,24.0,21.0,5.0,15.0,18.0,6.0,18.0,6.0,201.0
TBC POWER D TAN FACE WASH 70/-,0.0,0.0,0.0,9.0,0.0,0.0,0.0,0.0,12.0,0.0,9.0,0.0,30.0
TBC POWER D TAN KIT MINI 15GM 285/-,0.0,0.0,0.0,0.0,0.0,1.0,0.0,0.0,0.0,0.0,0.0,0.0,1.0
TBC PRO D TAN BLEACH+PACK 725/-,0.0,0.0,0.0,0.0,4.0,0.0,0.0,0.0,0.0,0.0,3.0,0.0,7.0
TBC Real Basil face wash 50ml 80/-,0.0,0.0,0.0,1.0,0.0,0.0,0.0,0.0,0.0,0.0,0.0,0.0,1.0
TBC Repair Day GEL Cream 550/-,0.0,0.0,0.0,4.0,0.0,7.0,6.0,3.0,4.0,1.0,2.0,2.0,29.0
TBC Repair Furming Mask 550/-,0.0,0.0,0.0,9.0,0.0,1.0,0.0,0.0,2.0,1.0,0.0,0.0,13.0
TBC Repair Gel Scrub 100ml 425/-,0.0,0.0,0.0,2.0,0.0,0.0,0.0,0.0,2.0,1.0,0.0,0.0,5.0
TBC Repair Serum 50g 550/-,0.0,0.0,0.0,9.0,0.0,1.0,4.0,0.0,0.0,0.0,0.0,0.0,14.0
TBC ROSE Hair Removal Cream 50gm 72/,0.0,0.0,6.0,3.0,0.0,0.0,12.0,0.0,24.0,12.0,0.0,0.0,57.0
TBC Rose N Wine Facial Kit 400g 700/-,0.0,0.0,0.0,8.0,5.0,4.0,13.0,3.0,0.0,2.0,5.0,1.0,41.0
TBC Rose N Wine Facial Kit 55g 285/-,0.0,0.0,10.0,0.0,5.0,4.0,10.0,0.0,2.0,6.0,6.0,6.0,49.0
TBC Satin Glow Facial Kit 400g 4in1 700/,1.0,6.0,3.0,1.0,6.0,2.0,5.0,2.0,1.0,5.0,0.0,2.0,34.0
TBC SKIN WHITENING NANO KIT 850/-,9.0,2.0,2.0,0.0,5.0,0.0,3.0,0.0,1.0,0.0,2.0,1.0,25.0
TBC Skinlift Rose &Wine Facial Kit 1250/,4.0,4.0,4.0,3.0,3.0,0.0,0.0,0.0,0.0,0.0,0.0,0.0,18.0
TBC Softing Cleansing Butter 375/-,1.0,0.0,0.0,2.0,3.0,0.0,0.0,0.0,2.0,1.0,2.0,0.0,11.0
TBC SPF 45 120ml 299/-,20.0,27.0,0.0,0.0,0.0,14.0,13.0,0.0,10.0,1.0,0.0,7.0,92.0
TBC SPF 70 60ml 399/-,10.0,12.0,0.0,0.0,0.0,8.0,0.0,0.0,0.0,0.0,0.0,0.0,30.0
TBC SPF Oil Free Gel 100ml 229/-,0.0,0.0,12.0,0.0,4.0,10.0,0.0,0.0,0.0,0.0,3.0,0.0,29.0
TBC Sun Block BB Cream 60ml 199/-,30.0,19.0,43.0,9.0,0.0,0.0,0.0,0.0,0.0,0.0,0.0,0.0,101.0
TBC SUNSCREEN GEL SPF 20 100ml 229/-,6.0,14.0,3.0,0.0,0.0,0.0,3.0,0.0,2.0,0.0,0.0,2.0,30.0
TBC SUNSCREEN GEL SPF 20 60ml 149/-,0.0,0.0,0.0,0.0,0.0,9.0,2.0,0.0,0.0,0.0,3.0,0.0,14.0
TBC SUNSCREEN LOTION SPF 20 179/-,23.0,18.0,12.0,10.0,6.0,6.0,5.0,0.0,0.0,3.0,9.0,0.0,92.0
TBC SUNSCREEN LOTION SPF 20 60m 99/-,9.0,17.0,0.0,0.0,0.0,15.0,2.0,0.0,9.0,0.0,18.0,0.0,70.0
TBC SUNSCREEN MATTIFYING CREAM 349/-,22.0,6.0,17.0,7.0,0.0,18.0,14.0,0.0,8.0,4.0,0.0,3.0,99.0
TBC Vitamin-E Lotion 300ml 135/-,0.0,0.0,0.0,0.0,12.0,0.0,0.0,0.0,0.0,0.0,0.0,0.0,12.0
TBC WHEAT NOURISH MASSAGE CREAM 350G 475,0.0,3.0,4.0,0.0,0.0,0.0,2.0,0.0,0.0,0.0,0.0,0.0,9.0
TBC WHEAT NOURISH MASSAGE CREAM 50G 245/,5.0,0.0,5.0,0.0,4.0,4.0,8.0,0.0,0.0,0.0,0.0,0.0,26.0
TBC Whitening &Brightening Mask 100G 190,6.0,8.0,21.0,3.0,13.0,9.0,0.0,6.0,3.0,6.0,6.0,3.0,84.0
Te A Me  Assam 100's,0.0,18.0,0.0,0.0,0.0,90.0,0.0,0.0,0.0,0.0,0.0,0.0,108.0
Te A Me  ASSAM GOLD 100's,0.0,0.0,36.0,0.0,900.0,432.0,540.0,1.0,648.0,0.0,84.0,360.0,3001.0
Te A Me  ASSORTED GREEN TEA GIFT BOX,0.0,5.0,0.0,0.0,0.0,0.0,0.0,0.0,0.0,0.0,0.0,0.0,5.0
Te A Me  Long Leaf Green Tea 200gm,24.0,24.0,0.0,0.0,247.0,33.0,78.0,84.0,154.0,232.0,125.0,125.0,1126.0
Te A Me APPLE CINNAMON 25's,0.0,86.0,5.0,6.0,34.0,10.0,23.0,21.0,17.0,213.0,23.0,31.0,469.0
Te A Me Assam 25's,156.0,0.0,0.0,0.0,0.0,0.0,0.0,0.0,8.0,24.0,0.0,0.0,188.0
Te A Me CARDOMOM 100's,0.0,0.0,0.0,1.0,36.0,90.0,72.0,0.0,0.0,36.0,108.0,0.0,343.0
Te A Me CARDOMOM 25's,0.0,24.0,24.0,0.0,0.0,0.0,0.0,0.0,0.0,0.0,0.0,0.0,48.0
Te A Me CARDOMOM TURMERIC 25's,0.0,0.0,0.0,0.0,0.0,0.0,0.0,0.0,0.0,120.0,132.0,0.0,252.0
Te A Me CHAMOMILE 25's,232.0,121.0,77.0,0.0,138.0,26.0,6.0,64.0,230.0,264.0,160.0,89.0,1401.0
Te A Me Classic Assam 100's,147.0,265.0,171.0,272.0,357.0,356.0,80.0,190.0,410.0,349.0,333.0,224.0,3154.0
Te A Me CRANBERRY APPLE 25's,108.0,67.0,41.0,120.0,145.0,13.0,6.0,19.0,46.0,218.0,66.0,68.0,917.0
Te A Me DARJEELING 25's,0.0,48.0,0.0,0.0,0.0,0.0,0.0,0.0,0.0,0.0,0.0,0.0,48.0
Te A Me EARL GREY 25's,0.0,0.0,0.0,0.0,0.0,0.0,0.0,0.0,24.0,0.0,0.0,0.0,24.0
Te A Me ENGLISH BREAKFAST 100's,0.0,0.0,0.0,0.0,0.0,0.0,0.0,0.0,7.0,0.0,0.0,0.0,7.0
Te A Me GINGER 100's,0.0,0.0,36.0,0.0,0.0,54.0,108.0,0.0,72.0,0.0,72.0,0.0,342.0
Te A Me GINGER 25's,0.0,0.0,24.0,0.0,0.0,54.0,0.0,0.0,0.0,0.0,0.0,0.0,78.0
Te A Me GREEN MINT LEMON GINGER 25's,34.0,0.0,0.0,0.0,442.0,135.0,48.0,114.0,174.0,384.0,39.0,36.0,1395.0
Te A Me GREEN TEA 100's,0.0,0.0,0.0,36.0,36.0,45.0,27.0,0.0,6.0,0.0,18.0,10.0,178.0
Te A Me GREEN TEA 100's Promo,36.0,78.0,78.0,80.0,158.0,157.0,37.0,47.0,296.0,114.0,196.0,0.0,1277.0
Te A Me GREEN TEA 10's,0.0,144.0,0.0,0.0,0.0,0.0,0.0,0.0,0.0,0.0,0.0,0.0,144.0
Te A Me GREEN TEA 25's,117.0,48.0,35.0,0.0,214.0,152.0,314.0,130.0,470.0,286.0,76.0,36.0,1861.0
Te A Me HONEY LEMON GREEN 25's,65.0,159.0,149.0,83.0,518.0,347.0,128.0,134.0,520.0,360.0,91.0,181.0,2735.0
Te A Me Ice Brew Five Flavour 15's,0.0,0.0,0.0,0.0,24.0,0.0,24.0,0.0,0.0,24.0,120.0,0.0,192.0
Te A Me Ice Brews Lemon 18's,0.0,0.0,0.0,0.0,0.0,0.0,0.0,0.0,24.0,95.0,24.0,0.0,143.0
Te A Me Ice Brews Lychee 18's,0.0,0.0,0.0,0.0,24.0,0.0,24.0,0.0,0.0,24.0,24.0,0.0,96.0
Te A Me Ice Brews Mint Green 18's,0.0,0.0,0.0,0.0,0.0,0.0,0.0,0.0,24.0,48.0,72.0,0.0,144.0
Te A Me Ice Brews Peach 18's,0.0,0.0,0.0,0.0,24.0,0.0,24.0,0.0,48.0,0.0,0.0,0.0,96.0
Te A Me Ice Brews Wild Berries 18's,0.0,0.0,0.0,0.0,0.0,24.0,24.0,0.0,48.0,0.0,0.0,0.0,96.0
Te A Me JASMINE LEMONGRASS 25's,0.0,0.0,0.0,0.0,0.0,6.0,0.0,0.0,0.0,0.0,0.0,0.0,6.0
Te A Me KASHMIRI KAHWA 25's,67.0,78.0,24.0,116.0,190.0,179.0,171.0,150.0,323.0,346.0,93.0,160.0,1897.0
Te A Me LEMON 25's,12.0,0.0,0.0,0.0,0.0,0.0,0.0,0.0,0.0,0.0,0.0,0.0,12.0
Te A Me Loose Tea Insti 250gm,7.0,0.0,0.0,0.0,0.0,0.0,0.0,0.0,24.0,60.0,48.0,0.0,139.0
Te A Me MASALA 100's,0.0,0.0,0.0,0.0,72.0,36.0,108.0,0.0,0.0,0.0,0.0,0.0,216.0
Te A Me MASALA 100's Env,0.0,0.0,6.0,4.0,0.0,0.0,0.0,0.0,0.0,0.0,72.0,0.0,82.0
Te A Me MASALA 25's,36.0,0.0,0.0,0.0,37.0,51.0,28.0,24.0,149.0,48.0,24.0,48.0,445.0
Te A Me ORANGE GINGER 25's,18.0,51.0,0.0,8.0,32.0,6.0,19.0,11.0,9.0,0.0,64.0,19.0,237.0
Te A Me PEPPERMINT 25's,36.0,27.0,12.0,0.0,0.0,0.0,0.0,2.0,0.0,0.0,10.0,0.0,76.0
Te A Me STRAWBERRY CREAM 25's,18.0,63.0,0.0,0.0,14.0,8.0,6.0,5.0,24.0,8.0,15.0,5.0,158.0
Te A Me TULSI  GREEN 10's,0.0,89.0,0.0,0.0,0.0,0.0,0.0,0.0,0.0,0.0,0.0,0.0,89.0
Te A Me TULSI GREEN 25's,105.0,74.0,57.0,107.0,501.0,212.0,231.0,130.0,399.0,416.0,67.0,55.0,2354.0
Vasmol Jasmine Hair Oil -200ml,0.0,0.0,0.0,0.0,1.0,0.0,0.0,0.0,0.0,0.0,0.0,24.0,25.0
Vasmol Jasmine Hair Oil -300ml,0.0,0.0,0.0,0.0,0.0,0.0,0.0,0.0,0.0,0.0,0.0,24.0,24.0
Vasmol Jasmine Hair Oil -500ml,0.0,0.0,0.0,0.0,0.0,0.0,0.0,0.0,0.0,0.0,12.0,0.0,12.0
Vasmol Shehnai Natural Heena -150gm,0.0,0.0,0.0,48.0,36.0,24.0,27.0,0.0,36.0,12.0,23.0,0.0,206.0
Vasmol Yogiraj Ayur Oil 200,0.0,12.0,0.0,0.0,0.0,0.0,0.0,0.0,0.0,0.0,12.0,0.0,24.0
Vasmol Yogiraj Ayur Oil 300,12.0,12.0,0.0,12.0,0.0,0.0,0.0,0.0,0.0,0.0,12.0,0.0,48.0
Vasocare Herbal Skin Jelly. 25 ml,0.0,0.0,0.0,0.0,0.0,0.0,57.0,52.0,12.0,0.0,0.0,0.0,121.0
Vasocare Petroleum Jelly. 50 ml,0.0,0.0,0.0,0.0,0.0,0.0,11.0,122.0,122.0,225.0,0.0,0.0,480.0
VICCO BODY Lotion 300ML,0.0,0.0,0.0,0.0,0.0,0.0,0.0,0.0,20.0,0.0,20.0,40.0,80.0
VICCO NARAYANI CREAM 30G,0.0,0.0,0.0,0.0,0.0,60.0,80.0,0.0,6.0,0.0,20.0,0.0,166.0
VICCO NARAYANI SPRAY 45G,0.0,0.0,0.0,0.0,0.0,24.0,2.0,0.0,0.0,0.0,0.0,0.0,26.0
VICCO SKIN CRM TURMERIC  50G,500.0,257.0,442.0,593.0,766.0,324.0,742.0,228.0,900.0,562.0,764.0,668.0,6746.0
VICCO SKIN CRM TURMERIC 15G,0.0,0.0,0.0,0.0,0.0,202.0,210.0,42.0,60.0,6.0,6.0,36.0,562.0
VICCO SKIN CRM TURMERIC 30G,854.0,228.0,556.0,360.0,1136.0,130.0,314.0,486.0,302.0,636.0,1030.0,266.0,6298.0
VICCO SKIN CRM TURMERIC 70G,104.0,185.0,86.0,438.0,272.0,118.0,164.0,277.0,166.0,222.0,178.0,152.0,2362.0
VICCO SKIN CRM WSO 15G,0.0,0.0,0.0,0.0,0.0,0.0,360.0,0.0,0.0,0.0,0.0,108.0,468.0
VICCO SKIN CRM WSO CRM 30G,276.0,190.0,510.0,476.0,1112.0,402.0,288.0,288.0,436.0,246.0,508.0,436.0,5168.0
VICCO SKIN CRM WSO CRM 60G,0.0,0.0,54.0,0.0,0.0,114.0,102.0,52.0,0.0,90.0,31.0,90.0,533.0
VICCO SUGAR FREE TOOTHPASTE 100,90.0,30.0,15.0,21.0,126.0,102.0,138.0,36.0,96.0,162.0,66.0,108.0,990.0
VICCO TC Oilbase Lotion 100G,0.0,0.0,0.0,0.0,0.0,0.0,0.0,0.0,20.0,0.0,30.0,0.0,50.0
VICCO Tur (S)Shaving Cream Foam Base 70g,0.0,0.0,60.0,0.0,0.0,60.0,18.0,0.0,0.0,0.0,0.0,0.0,138.0
VICCO Tur Shaving Cream Foam Base 70g,0.0,0.0,0.0,0.0,0.0,12.0,0.0,0.0,0.0,6.0,30.0,0.0,48.0
VICCO TURMERIC CREAM FOAM BASE 30g 40/-,0.0,0.0,0.0,0.0,20.0,0.0,204.0,24.0,0.0,0.0,44.0,52.0,344.0
VICCO TURMERIC CREAM FOAM BASE 70g,0.0,0.0,0.0,0.0,0.0,0.0,0.0,0.0,20.0,0.0,20.0,18.0,58.0
VICCO VAJRADANTI PASTE 100,120.0,258.0,60.0,120.0,276.0,42.0,130.0,57.0,0.0,6.0,0.0,0.0,1069.0
VICCO VAJRADANTI PASTE 100 65,0.0,0.0,0.0,0.0,0.0,0.0,0.0,143.0,120.0,180.0,264.0,105.0,812.0
VICCO VAJRADANTI PASTE 150,111.0,612.0,954.0,120.0,360.0,40.0,126.0,339.0,0.0,0.0,0.0,0.0,2662.0
VICCO VAJRADANTI PASTE 150g 88/-,0.0,0.0,0.0,0.0,0.0,600.0,1380.0,720.0,900.0,672.0,846.0,181.0,5299.0
VICCO VAJRADANTI PASTE 200,125.0,200.0,144.0,145.0,312.0,0.0,198.0,115.0,132.0,235.0,0.0,194.0,1800.0
VICCO VAJRADANTI PASTE 50G,51.0,0.0,0.0,0.0,0.0,9.0,198.0,24.0,0.0,48.0,0.0,0.0,330.0
VICCO VAJRADANTI POWDER 100G,30.0,12.0,24.0,6.0,84.0,21.0,12.0,36.0,12.0,0.0,0.0,50.0,287.0
VICCO VAJRADANTI POWDER 50G,0.0,0.0,0.0,0.0,0.0,40.0,114.0,18.0,12.0,0.0,12.0,30.0,226.0
Visibility & Promotions,0.0,0.0,0.0,0.0,0.0,0.0,0.0,0.0,0.0,0.0,0.0,0.0,0.0
WOODWARDS GRIPE WATER 130ML,0.0,0.0,24.0,120.0,36.0,42.0,30.0,24.0,21.0,339.0,63.0,857.0,1556.0
WOODWARDS GRIPE WATER 200ML,0.0,0.0,12.0,98.0,15.0,30.0,42.0,40.0,30.0,159.0,864.0,735.0,2025.0
Zandu Balm 25ml,53.0,112.0,53.0,168.0,140.0,204.0,331.0,181.0,121.0,217.0,114.0,0.0,1694.0
Zandu Balm 8ml,212.0,416.0,366.0,536.0,677.0,374.0,786.0,349.0,360.0,349.0,80.0,0.0,4505.0
Zandu Balm 8ml Ultra Power,191.0,201.0,32.0,260.0,353.0,191.0,406.0,217.0,348.0,123.0,105.0,39.0,2466.0
Zandu Chyavanprashad  450g,0.0,0.0,0.0,0.0,0.0,0.0,0.0,175.0,81.0,64.0,0.0,0.0,320.0
Zandu Chyavanprashad  900g,0.0,0.0,0.0,0.0,0.0,0.0,0.0,96.0,81.0,16.0,0.0,0.0,193.0
Zandu Honey 100gm,0.0,0.0,0.0,0.0,0.0,0.0,12.0,0.0,24.0,0.0,0.0,0.0,36.0
Zandu Honey 250gm,125.0,49.0,79.0,0.0,632.0,24.0,164.0,218.0,409.0,285.0,0.0,0.0,1985.0
Zandu Honey 500gm,108.0,16.0,101.0,99.0,133.0,121.0,183.0,467.0,361.0,351.0,0.0,0.0,1940.0
Zandu Immu Ayu I Jellly Mango -48,0.0,6.0,3.0,0.0,0.0,0.0,0.0,0.0,39.0,0.0,0.0,0.0,48.0
Zandu Immu Ayu I Jelly Mango -24,0.0,0.0,3.0,0.0,1.0,0.0,0.0,0.0,11.0,0.0,0.0,0.0,15.0
Zandu Immu Ayu I Jelly Orange -24,0.0,0.0,0.0,0.0,0.0,0.0,0.0,0.0,10.0,0.0,0.0,0.0,10.0
Zandu Immu Ayu I Jelly Strawberry -24,0.0,0.0,0.0,0.0,0.0,0.0,0.0,0.0,17.0,0.0,0.0,0.0,17.0
Zandu Kesari Jivan 450 gm,0.0,0.0,0.0,0.0,0.0,15.0,30.0,207.0,177.0,77.0,36.0,0.0,542.0
Zandu Kesari Jivan 900 gm,0.0,0.0,0.0,0.0,0.0,15.0,40.0,175.0,118.0,73.0,1.0,0.0,422.0
Zandu Kesari Jivan Diabetic 450 gm,0.0,0.0,0.0,0.0,0.0,0.0,0.0,87.0,84.0,12.0,14.0,27.0,224.0
Zandu Kesari Jivan Diabetic 900 gm,0.0,0.0,0.0,0.0,0.0,0.0,0.0,32.0,0.0,0.0,0.0,0.0,32.0
Zandu Lalima B&S P'Fier 200ml,12.0,12.0,0.0,0.0,0.0,12.0,0.0,20.0,0.0,0.0,0.0,0.0,56.0
Zandu Lalima B&S P'Fier 500ml,0.0,0.0,0.0,12.0,0.0,0.0,0.0,0.0,3.0,0.0,12.0,0.0,27.0
Zandu Nityam Churan 100gm,0.0,72.0,0.0,0.0,0.0,54.0,162.0,0.0,4.0,0.0,0.0,0.0,292.0
Zandu Nityam Churan 50gm,48.0,0.0,0.0,0.0,0.0,12.0,12.0,0.0,0.0,0.0,0.0,0.0,72.0
Zandu Pain Relief Gel 15ml,24.0,0.0,3.0,0.0,0.0,0.0,0.0,0.0,253.0,0.0,0.0,0.0,265.0
Zandu Pain Relief Gel 30ml,3.0,0.0,0.0,0.0,0.0,0.0,0.0,0.0,64.0,0.0,0.0,0.0,67.0
Zandu Pancharishta Digestive Tonic 200ML,42.0,31.0,0.0,27.0,18.0,97.0,24.0,36.0,35.0,32.0,0.0,0.0,342.0
Zandu Pancharishta Digestive Tonic 450ML,57.0,47.0,41.0,0.0,0.0,63.0,38.0,55.0,35.0,44.0,24.0,29.0,433.0
Zandu Roll-On 9ml,0.0,0.0,0.0,12.0,0.0,0.0,0.0,0.0,0.0,0.0,0.0,0.0,12.0
Zandu Sonachandi Chyawanprash  Plus 450g,32.0,0.0,0.0,0.0,4.0,12.0,40.0,284.0,189.0,79.0,25.0,0.0,665.0
Zandu Sonachandi Chyawanprash  Plus 900g,3.0,0.0,0.0,16.0,0.0,0.0,31.0,155.0,214.0,71.0,0.0,0.0,490.0
Zandu Spray Pain Relief 48ml,0.0,0.0,0.0,0.0,0.0,0.0,0.0,9.0,1.0,0.0,0.0,0.0,10.0
Zandu Striveda Lactation Supple 210g-24,0.0,0.0,0.0,0.0,0.0,0.0,0.0,0.0,0.0,240.0,0.0,0.0,240.0
Zandu Vigorex 20 Capsule-24,0.0,0.0,1.0,1.0,0.0,0.0,22.0,6.0,6.0,0.0,9.0,4.0,49.0
Zandu Vigorex Capsule-36,3.0,11.0,3.0,0.0,0.0,0.0,0.0,0.0,16.0,0.0,0.0,0.0,33.0
