Item Details,Apr,May,Jun,Jul,Aug,Sep,Oct,Nov,Dec,Jan,Feb,Mar
00234 HP CB Dry Fruit BarFi 240g (360),0,0,0,24,0,0,0,0,0,0,0,0
00272 HP CB DF Bar Asrtd (35gX1X6) 210g,0,0,0,24,0,0,0,0,0,0,0,0
03402 Happilo Dry Fruit CP GB Nightingal,0,0,0,0,0,0,900,0,0,0,0,0
165/70R1481TZLXTL,0,0,0,0,0,3,0,0,0,0,0,0
20007 Happilo Turkish Apricots 200g,0,32,50,29,62,105,84,74,20,14,54,0
20014 Happilo Dried Bluberries 150gm,40,10,48,10,48,10,1,40,7,0,40,0
20021 Happilo Califo Almond R&S 200g,30,15,0,169,50,75,206,160,0,40,16,0
20038 Happilo Clf Whole Cranberries 200g,0,2,0,0,0,0,0,0,0,0,0,0
20045 Happilo Drd& PIT Calfo Pruns 200g,6,15,20,160,101,81,95,90,30,125,45,0
20052 Happilo Califo R&S Pistachios 200g,0,0,0,50,60,0,50,50,24,25,25,0
20069 Happilo  Intl Supermix Berries 200,38,73,50,64,55,144,175,110,32,86,25,0
20076 Happilo Califo Walnut Kernel 200g,0,0,0,0,0,0,0,25,49,25,0,0
20083 Happilo Cashews R&S 200g,25,22,50,35,53,165,130,100,0,115,57,0
20090 Happilo Healthy Nutmix 200g,76,76,86,33,153,158,184,132,91,81,20,0
20151 Happilo Natural Califo Almds 200g,30,51,0,12,48,147,107,119,25,136,75,0
20168 Happilo Sliced Cranberries 200g,60,26,0,70,59,6,87,14,0,21,10,0
20175 HappiloDeluxe Kashmiri Walnut 200,0,0,0,0,20,0,0,0,0,0,0,0
20182 HappiloPrm Kashmiri Walnut 200g,0,0,0,0,0,25,50,0,0,25,50,0
20199 Happilo Intl Nuts & Berries 200g,10,47,30,70,64,108,56,103,3,64,44,0
20205 Happilo Intl Trial Mix 200g,80,11,40,20,60,10,26,40,0,10,20,0
20229 HappiloPrem Whole Cashews 200g,40,37,0,105,25,100,85,25,0,100,0,0
20236 HappiloPrem Seedless Raisin 250g,0,3,0,149,31,50,0,75,0,25,50,0
20243 Happilo Afghani Seedless G Raisin,0,0,0,0,0,25,25,25,0,25,0,0
20434 HappiloPrm Afghani Blc Raisin 250,0,24,70,110,176,158,246,100,0,90,60,0
20472 Happilo Intl Salted Party Mix 200g,40,22,30,1,48,20,15,30,16,20,10,0
20564 Happilo INSHELL WALNUT 500G,0,34,40,14,83,82,125,89,0,32,0,0
20571 Happilo Calfn inShell Walnut 1000g,0,48,50,20,46,48,80,24,0,0,30,0
20670 Happilo Prem Afghani Anjeer 200g,134,73,50,67,130,135,166,65,65,76,25,0
20687 Happilo Prem Ir R&S Pistachios 200,86,38,80,20,2739,85,101,120,43,25,30,0
20991 Happilo Prem S&R Pumpkin Seeds 200,80,18,60,55,105,119,169,62,87,68,50,0
21035 Happilo Prem Queen Kalmi Dates 200,0,45,70,49,84,120,280,45,0,75,33,0
21042 Happilo KING MEDJOUL DATES 200G,87,0,40,0,10,10,10,0,0,0,50,0
21059 Happilo Prem Omani Dates 250g,100,103,140,10,153,216,46,348,222,206,150,0
21073 Happilo Prem Seeds & Berries 200g,0,0,0,75,79,45,71,15,0,24,25,0
21080 Happilo Prem Dried B'berry C'berry,43,32,68,18,100,25,50,20,55,35,0,0
21202 HP Supersoft Kimia Dates 500g 399/,0,0,540,40,92,0,0,0,0,0,0,0
22476 Happilo Prm White CHIA Seeds 250G,0,0,0,0,0,0,0,6,0,12,6,0
22483 Happilo Prem Raw Melon Seeds 200g,0,0,0,0,0,6,12,6,0,1,0,0
22544 Happilo OMANI DATES 680GM 549/-,0,0,0,0,0,18,0,0,0,18,1,0
22827 Ziofit Californian Almonds,34,55,60,200,12,12,12,0,0,0,40,0
22834 Ziofit Indian Whole Cashew 200gm,20,13,48,309,10,218,70,48,40,70,2,0
22841 Ziofit Indian Long Raisins 200,6,72,80,63,144,250,112,4,6,48,0,0
22858 Ziofit R&S Pistachios,48,40,70,274,40,136,136,0,0,0,96,0
22865 Ziofit Inshell Walnut BOGO 200G315,50,0,47,0,17,20,20,10,10,0,0,0
22896 Ziofit Californian Almonds,10,20,60,45,0,0,0,0,0,0,0,0
22902 Ziofit Indian Whole Cashew 500g,10,10,50,1,0,0,0,0,0,0,0,0
22919 Ziofit Roasted & LS Pistachios 500,24,50,34,0,0,0,1,0,0,0,0,0
22926 Ziofit Indian Long Raisins,48,72,70,24,0,0,0,0,0,0,0,0
22933 Ziofit Californian Inshell Walnuts,72,20,4,0,0,0,0,0,0,0,0,0
22964 Ziofit Classic Sultan Date 500g,82,48,90,10,0,0,0,0,0,0,0,0
22971 Ziofit Walnuts Kernels Ext 250,80,51,61,168,118,88,0,72,12,0,0,0
22988 Ziofit Dried Figs 200g 625/-,0,24,72,274,20,36,12,70,25,0,48,0
23046 Ziofit Classic Sultan Date 250,48,83,167,360,100,70,192,80,30,0,1,0
23053 Ziofit Walnut Kernels Extr,143,0,96,262,52,72,0,140,20,47,0,0
23060 Ziofit Walnut Kernels (BOGO) 250g,36,48,36,251,66,92,70,64,0,0,48,0
23619 Happilo Natural Almond 500g,1895,2500,0,771,2090,2257,372,1910,2,26,165,0
23626 Happilo Prem Whole Cashews 500g,1221,1160,173,1596,655,2360,66,1965,213,205,400,0
23633 Happilo Prem Seedles Raisins 500g,195,11,91,102,111,140,150,570,91,116,160,0
23640 Happilo R&S Califo Pistachios 500g,152,40,100,113,233,160,201,287,131,270,79,0
23732 HP Dry Fruit CB GTB MACAW 285G 599,0,0,0,0,0,0,500,0,0,0,0,0
23749 Happilo Dry Fruit Celeb Earth,0,0,0,0,0,0,700,0,0,0,0,0
26856 Happilo Dry Fruit Celebrat,0,0,0,0,0,0,400,0,0,0,0,0
26870 Happilo Dry Fruit Celebrat,0,0,0,0,0,0,24,0,0,0,0,0
27037 Happilo Oven R&S Cashew 80g,0,24,0,76,0,0,0,0,0,0,0,0
27181 Happilo Super Mom Trial Mix 350g,5,20,55,25,40,30,44,26,0,0,25,0
27211 Happilo Prem Seeds & Nuts Mix 250g,0,20,80,15,30,0,40,59,0,0,40,0
27235 Happilo Prm 10in1Seeds & Nuts Mix,0,25,0,0,0,0,0,0,0,0,0,0
27464 HP SS Makhana Perky Pudina 60g(99),0,0,0,150,0,45,0,0,0,0,0,0
27471 HP SS Makhana Peri Peri 60g (99),0,0,0,150,0,45,75,15,60,0,15,0
27563 Happilo Prem Intl Fitness Mix 160g,60,10,65,24,60,0,15,26,0,0,50,0
27570 Happilo Prem Intl Health Mix 160g,10,10,51,60,30,18,50,40,10,0,40,0
27587 Happilo Prm Intrn Champion Mix 160,20,11,47,25,40,10,50,20,10,0,25,0
28034 Happilo Dry Fruit Celebrat,0,0,0,0,0,0,300,0,0,0,0,0
28072 Happilo Dry Fruit CP GB Gardenia,0,0,0,0,0,0,500,0,0,0,0,0
28164 Happilo Dry Fruit Celeb Orchid 1kg,0,0,0,0,0,0,36,262,0,0,0,0
28393 HP SS Makhana Chilli Garlic 60g (9,0,0,0,150,0,60,45,75,0,0,75,0
28409 HP SS Makhana Pink S&P 60g (99),0,0,0,150,0,55,0,60,15,0,44,0
28423 HP SS Makhana Cream&Onion 60g (99),0,0,0,150,0,45,0,60,15,0,45,0
28744 HP Cranberry Cashew DF Bar35g (70),0,0,0,432,144,0,138,288,0,0,0,0
28751 HP Rose Almond DF Bar 35g (70),0,0,0,432,144,0,0,0,0,0,0,0
28768 HP Walnuts DF Bar 35g (70),0,0,0,432,372,0,0,144,0,0,0,0
28775 HP Pista DF Bar 35g (70),0,0,0,432,253,0,0,144,0,0,144,0
28782 HP Choco Almond DF Bar 35g (70),0,0,0,432,420,0,0,0,0,0,0,0
29215 HP Blueberries DF Bar 35g (70),0,0,0,432,144,0,144,0,0,0,0,0
29642 HP CB DF Bar Asrtd (15gX2X6) 180g,0,0,0,24,0,0,0,0,0,0,0,0
29932 Happilo Dry Fruit BarFi GB 240G,0,0,0,0,0,0,200,0,0,0,0,0
BABA BHUJIA SF ACHARI MANGO-30GM,0,0,0,0,170,0,600,0,0,0,0,0
BABA BHUJIA SF CRUNCHY VEGGIES-30GM,0,0,0,0,170,0,600,0,600,0,0,0
BABA BHUJIA SF MIX S BUNDI-30GM,0,0,0,0,170,200,300,0,600,0,0,0
BABA BHUJIA SF PUDINA MASALA-30GM,0,0,0,0,170,0,300,0,0,0,0,0
Baba Elaichi Silver Coated 10 g,530,385,0,30,70,105,130,95,225,99,150,0
Baba Elaichi Silver Coated 6 g,50,70,60,60,100,50,90,70,90,100,20,0
BABA FRU ASSORTED JELLY JAR,0,0,0,0,0,0,0,0,0,0,0,0
BABA FRU ASSORTED JELLY POUCH (3.6x100),30,0,0,30,0,0,30,29,30,60,0,0
BABA FRU ASSORTED JELLY POUCH (3.6X30),0,0,0,0,0,0,0,0,0,0,0,0
BABA GEL & JELLY ASSORTED FUN PACK 3*4,0,0,0,0,0,0,0,3,0,0,0,0
BABA KABULI CHANNA SF HING JEERA-30GM,0,0,0,0,170,200,0,0,0,0,0,0
BABA KABULI CHANNA SF LEMON CHILLI-30GM,0,0,0,0,170,200,0,0,0,0,0,0
BABA KABULI CHANNA SF PLAIN SALTED-30GM,0,0,0,0,170,0,0,0,0,0,0,0
BABA KABULI CHANNA SF PUDINA MASALA-30GM,0,0,0,0,170,0,0,0,0,0,0,0
BABA LIQUID LIFE NAT. MINERAL WATER 15L,25,28,0,0,6,0,0,0,0,0,0,0
BABA LIQUID LIFE NAT. MINERAL WATER 1L,900,1044,900,792,1260,575,636,312,744,372,192,0
BABA LIQUID LIFE NAT. MINERAL WATER 200,168,168,216,72,312,72,192,72,168,72,0,0
BABA MAKHANA ACHARI MANGO TWIST - 16GM,593,682,2250,2357,2560,2830,3320,1860,1934,2055,900,0
BABA MAKHANA ACHARI MANGO TWIST - 75 GM,72,38,0,24,48,0,19,24,0,0,0,0
BABA MAKHANA CHEESY GARLIC TWIST - 16 GM,0,180,1620,1440,630,900,720,1440,1530,1260,720,0
BABA MAKHANA CHEESY SALT & BLC P - 16 GM,0,450,1440,1350,1170,1440,1710,360,1080,2520,720,0
BABA MAKHANA LEMON MASALA TWIST - 16GM,1770,2390,3514,3980,3618,4323,4180,2940,2600,2637,1539,0
BABA MAKHANA LEMON MASALA TWIST - 75 GM,72,48,0,48,48,0,24,0,0,48,0,0
BABA MAKHANA PERI PERI MASALA 80GM,0,0,0,0,0,20,88,8,0,0,0,0
BABA MAKHANA PERI PERI TWIST - 16GM,0,450,1440,1440,720,720,450,900,990,1080,450,0
BABA MAKHANA PUDINA MASALA 80GM,0,0,0,0,0,20,88,8,0,0,0,0
BABA MAKHANA PUDINA MASALA TWIST - 16GM,1973,2330,3946,4660,5160,4677,4800,4470,3649,3118,1620,0
BABA MAKHANA PUDINA MASALA TWIST - 75 GM,96,48,0,24,144,24,0,0,24,48,0,0
BABA MAKHANA SALT & BLC PPR 80GM,0,0,0,0,0,20,172,8,0,24,0,0
BABA NATURE'S MIRACLE AGLIO SAUCE 150G,6,16,0,5,2,0,5,29,15,1,0,0
BABA NATURE'S MIRACLE AOBITA SAUCE 400G,0,6,0,6,0,18,0,0,24,5,0,0
BABA NATURE'S MIRACLE CHETTINAD GRAVY,0,0,0,0,0,0,0,12,0,0,0,0
BABA NATURE'S MIRACLE DATE SWTNR 200G,0,0,0,0,0,0,0,4,14,4,0,0
BABA NATURE'S MIRACLE MAKHANI GRAVY 370g,0,0,0,0,0,3,3,0,0,0,0,0
BABA NATURE'S MIRACLE RATATO SPREAD 175G,6,0,0,4,0,3,33,21,9,0,0,0
BABA NATURE'S MIRACLE S.WICH SPREAD 175G,0,0,0,0,0,3,3,3,16,0,0,0
BABA NATURE'S MIRACLE TOMATO SALSA 175,2,8,0,3,11,14,39,18,0,0,0,0
BABA SF ACHARI MANGO CHIPS-45G,134,180,0,270,0,0,90,89,178,270,0,0
BABA SF ASSORTED BOX MAKHANA 3CANS*80G,0,0,0,0,0,0,56,0,0,0,0,0
BABA SF PUDINA MIX CHIPS-45G,90,90,90,270,0,0,0,0,90,90,0,0
BABA SF SALT & PEPPER CHIPS-45G,0,0,0,0,0,0,0,1440,0,0,0,0
BOROLINE ANTISEPTIC CR 20G T 42/-,0,0,500,0,0,0,500,227,0,652,0,0
BOROLINE ANTISEPTIC CR 40G JAR 80/-,0,0,360,0,0,0,240,524,0,1117,0,0
BOROLINE SUTHOL CHANDAN 200ML 85/-,0,0,120,0,0,0,0,0,0,0,0,0
BOROLINE SUTHOL CHANDAN SPRAY 100ML,0,0,120,0,0,0,0,0,0,0,0,0
BOROLINE SUTHOL NEEM 100ML 48/-,0,0,240,0,0,80,0,0,0,0,0,0
BOROLINE SUTHOL NEEM 200ML 85/-,0,0,360,0,0,0,0,0,0,0,0,0
BOROLINE SUTHOL NEEM SPRAY 100ML,0,0,240,0,0,0,0,0,0,0,0,0
BOROLINE SX ANTISEPTIC CR 100G 185/-,0,0,60,0,0,0,0,0,0,0,0,0
BOROLINE ULTRA SMOOTH ANTISEPTIC CRM 100,0,0,60,0,0,0,0,0,0,0,0,0
BOROLINE ULTRA SMOOTH CRM 20ml,0,0,0,0,0,0,180,0,0,159,0,0
BOROLINE ULTRA SMOOTH CRM 40GM,0,0,0,0,0,0,120,261,0,772,0,0
Denver Beer Shampoo Anti Dandruff 200ml,0,0,600,0,0,0,0,0,0,0,0,0
Denver Black Code Deo Cap,0,0,0,0,30,0,0,0,0,0,0,0
Denver Caliber Deo Cap,0,0,0,0,30,0,0,0,0,0,0,0
Denver Deo Blackcode 127G 280/-,3339,686,215,1160,124,0,222,12,63,119,6,0
Denver Deo Caliber 127gm 280/-,918,1524,1767,792,792,1326,735,290,807,870,6,0
Denver Deo Goal 127G 265/-,0,0,600,0,0,0,0,0,0,0,0,0
Denver Deo Hamilton 127gm 280/-,2059,4902,2016,3684,4047,5109,4649,3153,6441,3012,1215,0
Denver Deo Honour 127gm 280/-,488,1029,1149,900,435,123,480,243,205,138,12,0
Denver Deo Imperial 127gm 280/-,2542,2865,855,2904,2355,2223,2942,1683,1554,1641,1224,0
Denver Deo Men of Steel Drill 127G 280/-,0,0,0,0,0,900,0,0,0,0,0,0
Denver Deo Pride 127gm 280/-,975,1037,438,1023,558,300,546,440,381,157,9,0
Denver Deo Rider 127G 265/-,0,0,600,0,0,0,0,0,0,0,0,0
Denver Deo Victor 127G 280/-,0,0,900,300,0,0,1800,0,0,900,720,0
Denver Facewash Acne Clear 100G 225/-,0,720,0,0,0,0,0,0,0,0,0,0
Denver Facewash Deep Clean 100G 225/-,0,720,0,0,0,0,0,0,0,0,0,0
Denver Facewash Oil Clear 100G 225/-,0,720,0,0,0,0,0,0,0,0,0,0
Denver Hamilton Deo Cap,0,0,0,0,30,0,0,0,0,0,0,0
Denver Imperial Deo Cap,0,0,0,0,30,0,0,0,0,0,0,0
Denver Perfume Blackcode 70ml 349/-,0,0,0,0,0,0,0,0,0,1824,1200,0
Denver Victor Deo Cap,0,0,0,0,25,0,0,0,0,0,0,0
EARTHFRESH BROWN CHANA 500G POUCH,0,0,0,0,0,0,0,0,300,60,120,0
EARTHFRESH CHANA BESAN 500G POUCH,0,0,0,0,0,0,0,0,240,0,60,0
EARTHFRESH CHANA DAL 500G POUCH,0,0,0,0,0,0,0,0,0,0,240,0
EARTHFRESH GOBINDO BHOG RICE 1KG,0,0,0,0,0,0,0,0,0,0,270,0
EARTHFRESH GREEN MOONG 500G POUCH,0,0,0,0,0,0,0,0,300,60,60,0
EARTHFRESH KABULI CHANA 500G POUCH,0,0,0,0,0,0,0,0,420,100,120,0
EARTHFRESH KASHMIRI RAJMA 500G POUCH,0,0,0,0,0,0,0,0,240,60,60,0
EARTHFRESH MASOOR MALKA 500G POUCH,0,0,0,0,0,0,0,0,360,60,120,0
EARTHFRESH MATAR 500G POUCH,0,0,0,0,0,0,0,0,360,60,90,0
EARTHFRESH MOONG DAL 500G POUCH,0,0,0,0,0,0,0,0,240,60,120,0
EARTHFRESH TOOR DAL 1KG,0,0,0,0,0,0,0,0,240,60,60,0
EARTHFRESH URAD DAL 500G POUCH,0,0,0,0,0,0,0,0,180,60,60,0
Envy Perfume Men 70ml Black 349/-,0,0,0,0,1200,1200,2256,0,1440,624,0,0
Envy Perfume Women 70ml White 349/-,0,0,0,0,1200,0,0,1344,0,720,0,0
EVA BODY SPRAY DOLL 150ML,18,0,0,1104,0,0,607,0,0,24,0,0
EVA BODY SPRAY FRESH 125ML,1515,12,21,603,612,0,12,618,9,3,6,0
EVA BODY SPRAY FRESH 150ML,204,24,0,360,0,0,1212,0,0,24,0,0
EVA BODY SPRAY SWEET 150ML,0,24,0,0,0,0,12,0,0,24,0,0
EVA BODY SPRAY WILD 150ML,204,24,0,360,0,0,1212,0,0,0,0,0
EVA DEO SPRAY BLUSH 125ML,18,24,9,0,3,0,3,6,3,12,0,0
EVA DEO SPRAY COMBI 125ML 285/-,6,131,69,36,63,60,78,6,24,12,81,0
EVA DEO SPRAY COMBI 150ML,9,0,51,12,42,0,0,96,39,9,0,0
EVA DEO SPRAY COMBI 2G1 150ML 400/,18,112,80,388,57,31,64,74,33,25,60,0
EVA DEO SPRAY DEW 125ML,6,0,0,0,0,0,0,0,0,0,0,0
EVA DEO SPRAY DOLL 125ML,1509,51,12,1806,609,12,9,1215,12,0,6,0
EVA DEO SPRAY DOLL Mini 40ML,0,0,0,360,0,0,0,0,0,0,0,0
EVA DEO SPRAY FLIRT 125ML,15,15,0,0,0,6,0,0,12,6,9,0
EVA DEO SPRAY FRESH Mini 40ML,0,0,0,360,0,0,0,0,0,0,0,0
EVA DEO SPRAY SWEET 125ML,24,21,6,3,3,6,6,6,6,3,0,0
EVA DEO SPRAY URBANE 150ML,0,24,0,0,0,0,0,12,0,0,0,0
EVA DEO SPRAY WILD 125ML,1527,12,21,603,600,0,3,1212,18,0,3,0
EVA DEO SPRAY WILD Mini 40ML,0,0,0,360,0,0,0,0,0,0,0,0
EVA DEO TALC FRESH 100GMS,58,33,0,0,0,0,1,0,0,0,0,0
EVA DEO TALC FRESH 400GMS,36,12,0,0,0,0,0,0,0,0,0,0
EVA DEO TALC SWEET 100GMS,58,33,0,0,0,0,1,0,0,0,0,0
EVA DEO TALC SWEET 400GMS,36,2,0,0,0,0,0,0,0,0,0,0
EVA SHINE DEO ROLL ON 50ML,0,0,0,0,0,0,0,0,6,6,48,0
EVA SOFT DEO ROLL ON 50ML,0,0,0,0,0,0,0,0,6,0,54,0
EVA SPLASH DEO ROLL ON 50ML,0,0,0,0,0,0,0,0,6,6,51,0
FRIENDS ADULT DIAPER PREM LARGE 10S,0,0,6,0,0,0,0,0,0,8,0,0
FRIENDS ADULT DIAPER PREM XL 10S,184,0,0,0,0,0,0,0,0,0,0,0
FRIENDS ADULT DIAPERS EASY LARGE PP 10p,24,0,0,0,12,192,24,60,36,24,24,0
FRIENDS ADULT DIAPERS EASY MEDIUM PP 10p,0,0,1,0,0,482,12,4,53,24,36,0
FRIENDS ADULT DIAPERS EASY XTRA LARGE PP,276,49,0,0,0,8,0,7,0,0,0,0
FRIENDS ADULT DIAPERS ECO LARGE 10s*12,0,0,0,0,0,0,0,0,0,0,12,0
FRIENDS ADULT DIAPERS ECO XL 10s*12,0,0,0,0,0,12,6,5,0,0,0,0
FRIENDS ADULT DIAPERS OVERNIGHT XL 10S*8,0,0,0,0,0,0,0,0,0,16,0,0
FRIENDS ADULT DIAPERS PANTS PREM L10s,29,9,5,7,0,328,8,22,16,8,17,0
FRIENDS ADULT DIAPERS PANTS PREM M10s,28,12,7,18,0,152,136,40,30,38,24,0
FRIENDS ADULT DIAPERS PANTS PREM XL10s,77,0,8,14,0,0,8,8,6,0,0,0
FRIENDS ADULT DRY PANTS LARGE 10P,0,0,0,0,0,0,24,0,48,0,0,0
FRIENDS ADULT DRY PANTS MEDIUM 10'S,0,0,8,0,0,140,0,0,0,0,0,0
FRIENDS ADULT PANTS CLASSIC LARGE 10*8,16,0,8,8,8,0,0,0,0,0,6,0
FRIENDS ADULT PANTS CLASSIC MEDIUM 10*8,0,0,0,8,0,8,0,0,8,6,0,0
FRIENDS ADULT PANTS CLASSIC XL 10*8,0,0,8,8,8,0,0,0,0,6,0,0
FRIENDS ADULT PANTS OVERNIGHT M10S*8,0,0,8,0,0,8,0,0,0,0,0,0
FRIENDS ADULT PANTS OVERNIGHT XL 10*8,0,0,0,0,0,0,0,0,0,8,0,0
GH AFR (3+1) 50g 135/-,0,0,0,0,0,0,0,0,6,6,0,0
GH AFR (3+1) 75g 195/-,0,0,0,0,0,0,0,0,6,6,0,0
GH AFR AROMA PERF CITRUS 10G 60/-,24,0,24,144,0,0,0,0,0,0,0,0
GH AFR AROMA PERF JASMINE 10G 60/-,30,8,8,16,0,0,6,0,0,8,0,0
GH AFR AROMA PERF LAVENDER 10G 60/-,144,24,0,144,0,0,7,0,0,144,0,0
GH AFR AROMA PERF ROSE 10G 60/-,48,16,6,14,0,4,0,4,0,6,0,0
GOODHOME AIR FRESHNER JASMINE 50G 50/-,0,6,6,0,6,0,6,4,0,12,4,0
GOODHOME AIR FRESHNER JASMINE 75G 85/,0,4,0,0,0,0,6,0,0,4,0,0
GOODHOME AIR FRESHNER LAVENDER 75G 85/-,0,0,0,60,0,0,0,0,0,0,0,0
GOODHOME AIR FRESHNER ROSE 50G 50/-,0,0,0,0,0,0,6,0,0,0,0,0
GOODHOME Drain Cleanser B3G1 50g,12,135,63,36,93,36,78,81,45,27,57,0
GOODHOME GLASS & MS CLEANER 500ML,0,0,0,0,0,0,0,0,6,0,6,0
GOODHOME MAX SCRUBBER,0,861,138,81,228,129,174,222,129,60,276,0
GOODHOME ODOUR REMOVER AQUA FRESH 160GMS,3,0,0,0,0,0,0,0,0,0,0,0
GOODHOME OR MEMORIES OF SPRING,6,0,0,0,0,0,0,0,0,0,0,0
GOODHOME RF FLORAL 130GM,486,0,600,0,600,0,0,0,600,0,0,0
GOODHOME ROOM FRESHNER JASMINE 130G 160/,4,144,0,0,0,0,0,0,0,0,0,0
GOODHOME ROOM FRESHNER LAVENDER 130G,485,288,600,0,600,0,0,0,600,0,0,0
GOODHOME ROOM FRESHNER LEMON 130G 160/-,3,0,0,0,0,0,0,0,0,0,0,0
GOODHOME ROOM FRESHNER ROSE 130G 160/-,6,0,0,0,600,0,1,0,600,0,0,0
GOODHOME ROOM FRESHNER SANDAL 130G 160/-,0,0,0,0,600,0,0,0,600,0,0,0
GOODHOME SCRUB PAD 2 IN 1 B2G1 60/-,84,191,72,36,108,60,108,120,48,36,120,0
GOODHOME SCRUB PAD 2+1 30/-,0,96,0,144,48,0,0,0,0,0,0,0
GOODHOME SCRUB PAD 2-IN-1  30/-,180,239,175,96,252,0,144,252,125,288,204,0
GOODHOME SCRUB PAD LARGE COMBI 60//,264,228,72,72,115,72,132,144,120,24,72,0
GOODHOME SCRUB PAD TOUGH 7.5 X 7.5,0,0,144,0,0,0,144,0,0,0,0,0
GOODHOME SCRUB PAD Xtra Tough 2+1 60/-,108,96,40,36,0,0,0,40,0,0,0,0
GOODHOME SCRUB PAD XTRA TOUGH 7.5 X 10,0,0,0,0,0,0,144,0,0,120,0,0
GOODHOME SS SCRUBBER,576,2064,231,120,480,336,552,696,288,288,576,0
GOODHOME SS SCRUBBER 11G 2+1 30/-,432,501,99,78,285,86,234,309,204,84,264,0
GOODHOME SS SCRUBBER 2+1,48,512,96,120,300,96,252,336,161,192,294,0
GOODHOME ULTRA SCRUBBER,0,249,84,60,132,60,96,144,96,60,120,0
GOODHOME Unbox Drain Cleanser 50g,24,372,132,108,204,108,192,192,84,48,156,0
HR  All In One 200G*20 65/-,0,0,0,0,0,0,0,50,43,0,0,0
HR  Aloo Bhujia  200G*50 65/-,0,0,0,0,0,0,0,50,4,0,0,0
HR  Aloo Bhujia  400G*25 120/-,0,0,0,0,0,0,0,0,3,0,0,0
HR  Badam Luchha 200G*40 102/-,0,0,0,0,0,0,0,40,0,0,0,0
HR  Besan Ladoo 500G*10 280/-,0,0,0,0,0,0,0,200,143,0,0,0
HR  BHELPURI 40G*276 10/-,0,0,0,0,0,0,0,276,0,0,0,0
HR  BHUJIA  36G*360 10/-,0,0,0,0,0,0,0,360,0,0,0,0
HR  Bhujia  400G*30 130/-,0,0,0,0,0,0,0,0,55,0,0,0
HR  Bhujia 1000G*12 300/-,0,0,0,0,0,0,0,0,56,0,0,0
HR  BOMBAY MIX  400G*30 120/-,0,0,0,0,0,0,0,0,30,0,0,0
HR  Cornflakes 200G*40 80/-,0,0,0,0,0,0,0,40,0,0,0,0
HR  CORNFLAX 36G*276 10/-,0,0,0,0,0,0,0,0,3,0,0,0
HR  DD Soan Papdi 1Kg*10 430/-,0,0,0,0,0,0,0,1040,0,0,0,0
HR  Desi Ghee Soan Papdi 500G*20 360/-,0,0,0,0,0,0,0,78,5,0,0,0
HR  DOUBLE MAZZA 38G*360 10/-,0,0,0,0,0,0,0,0,3,0,0,0
HR  ELACHI SOAN PAPDI 500G*20 155/-,0,0,0,0,0,0,0,0,200,0,0,0
HR  GULAB JAMUN 1Kg*12 300/-,0,0,0,0,0,0,0,36,3,0,0,0
HR  HARA MATTER 38G*360 10/-,0,0,0,0,0,0,0,360,0,0,0,0
HR  KAJU MIXTURE 24G*300 10/-,0,0,0,0,0,0,0,0,3,0,0,0
HR  Kashmiri Mix 400G*40 180/-,0,0,0,0,0,0,0,0,40,0,0,0
HR  Khatta Meetha 200G*50 65/-,0,0,0,0,0,0,0,50,0,0,0,0
HR  Kismish Phalhari Mixure 150G*50 65/-,0,0,0,0,0,0,0,50,38,0,0,0
HR  Massala Aloo Chips 200G*20 78/-,0,0,0,0,0,0,0,60,54,0,0,0
HR  Moong Dal 36G*300 10/-,0,0,0,0,0,0,0,300,60,0,0,0
HR  Moong Dal 400G*40 135/-,0,0,0,0,0,0,0,0,38,0,0,0
HR  Navrattan  200G*50 65/-,0,0,0,0,0,0,0,0,4,0,0,0
HR  Navrattan  400G*30 120/-,0,0,0,0,0,0,0,60,3,0,0,0
HR  Navrattan 36G*360 10/-,0,0,0,0,0,0,0,360,0,0,0,0
HR  Nut Cracker 200G*20 68/-,0,0,0,0,0,0,0,50,0,0,0,0
HR  NUT CRACKER 38G*360 10/-,0,0,0,0,0,0,0,360,0,0,0,0
HR  OCASSION KHUSHIYAN 800G*10 435/-,0,0,0,0,0,0,0,16,44,0,0,0
HR  POOJA BHOGH 2.4Kg*6 750/-,0,0,0,0,0,0,0,8,32,0,0,0
HR  Prem Soan Papdi 500G*20 225/-,0,0,0,0,0,0,0,280,0,0,0,0
HR  RASSGULLA 1Kg*12 300/-,0,0,0,0,0,0,0,36,0,0,0,0
HR  Ratnami Sev 200G*50 68/-,0,0,0,0,0,0,0,50,42,0,0,0
HR  Rose Soan Papdi 500G*20 240/-,0,0,0,0,0,0,0,0,40,0,0,0
HR  S FREE SOAN PAPDI 500G*20 410/-,0,0,0,0,0,0,0,40,0,0,0,0
HR  SWEETS & NAMKEEN 900G*14 385/-,0,0,0,0,0,0,0,28,2,0,0,0
HR  Tok Jhal Mishti 400G*25 120/-,0,0,0,0,0,0,0,0,25,0,0,0
HR Prem Patisa 500G*20 240/-,0,0,0,0,0,0,0,40,3,0,0,0
KERALA SANDAL SOAP 125G*3 285/,40,80,360,240,400,240,400,200,240,200,200,0
KERALA SANDAL SOAP TRIO 150G*3 340/-,720,504,1821,1416,1296,1536,1603,1344,600,1335,216,0
KERALA SOAP 3IN1 FAMILY PACK 450G,0,0,119,48,24,24,24,0,0,0,0,0
KLF Coconad Cocunut Milk 400ml,121,95,134,121,84,213,96,185,224,48,144,0
KLF Coconad Milk 200ml,48,24,72,0,24,48,0,48,72,48,0,0
KLF Coconad Milk Powder 100g,528,240,336,384,479,288,336,288,192,216,120,0
KLF Coconad Milk Powder 1Kg,12,12,24,0,12,24,11,24,24,36,0,0
KLF Coconad Oil 500ml Pet,318,332,350,306,304,466,258,337,152,33,58,0
KLF Coconad Oil 500ml Pouch,100,80,40,60,120,40,80,120,0,40,40,0
KLF Coconut Oil 1 Ltr Pet,73,127,48,31,203,46,20,160,108,70,20,0
KLF Coconut Oil 1 Ltr Pouch,280,302,384,291,391,345,242,325,212,100,40,0
KLF Inst Coconut Chutney 25g,240,96,288,336,96,336,192,240,96,336,144,0
KLF Inst Coconut Corriander Chutney 25g,95,48,192,48,240,192,192,144,96,240,0,0
KLF Inst Coconut Red Chilly Chutney 25g,96,96,48,96,95,144,0,48,48,48,48,0
KLF Nirmal Coconut  Oil 1 Ltr Can,12,20,100,0,40,40,40,40,58,38,20,0
KLF Nirmal Coconut  Oil 500ml Blue Bt,5,12,0,0,0,0,0,0,0,0,0,0
KLF Nirmal Virgin 250ml Bt,54,80,96,32,112,85,32,137,40,80,48,0
KLF Nirmal Virgin 500ml GB-NN,0,0,12,0,5,6,12,0,5,0,3,0
