Item Details,Unit,Apr,May,Jun,Jul,Aug,Sep,Oct,Nov,Dec,Jan,Feb,Mar,Total Qty.
00234 HP CB Dry Fruit BarFi 240g (360),PCS,0,0,0,24,0,0,0,0,0,0,0,0,24
00272 HP CB DF Bar Asrtd (35gX1X6) 210g,PCS,0,0,0,24,0,0,0,0,0,0,0,0,24
03402 Happilo Dry Fruit CP GB Nightingal,PCS,0,0,0,0,0,0,900,0,-415,0,0,0,485
165/70R1481TZLXTL,PCS,0,-3,0,-1,0,3,-1,0,-8,0,0,0,-10
20007 Happilo Turkish Apricots 200g,PCS,0,32,50,29,62,105,84,74,20,14,54,0,524
20014 Happilo Dried Bluberries 150gm,PCS,40,10,48,10,48,10,1,40,7,-15,40,0,239
20021 Happilo Califo Almond R&S 200g,PCS,30,15,0,169,50,75,206,160,0,40,16,0,761
20038 Happilo Clf Whole Cranberries 200g,PCS,0,2,0,0,-5,0,0,0,0,-5,0,0,-8
20045 Happilo Drd& PIT Calfo Pruns 200g,PCS,6,15,20,160,101,81,95,90,30,125,45,0,768
20052 Happilo Califo R&S Pistachios 200g,PCS,0,0,0,50,60,0,50,50,24,25,25,0,284
20069 Happilo  Intl Supermix Berries 200,PCS,38,73,50,64,55,144,175,110,32,86,25,0,852
20076 Happilo Califo Walnut Kernel 200g,PCS,0,0,0,-50,0,0,0,25,49,25,0,0,49
20083 Happilo Cashews R&S 200g,PCS,25,22,50,35,53,165,130,100,0,115,57,0,752
20090 Happilo Healthy Nutmix 200g,PCS,76,76,86,33,153,158,184,132,91,81,20,0,1090
20151 Happilo Natural Califo Almds 200g,PCS,30,51,0,12,48,147,107,119,25,136,75,0,750
20168 Happilo Sliced Cranberries 200g,PCS,60,26,0,70,59,6,87,14,-34,21,10,0,319
20175 HappiloDeluxe Kashmiri Walnut 200,PCS,0,0,0,0,20,0,0,0,0,0,0,0,20
20182 HappiloPrm Kashmiri Walnut 200g,PCS,0,0,0,0,0,25,50,0,0,25,50,0,150
20199 Happilo Intl Nuts & Berries 200g,PCS,10,47,30,70,64,108,56,103,3,64,44,0,599
20205 Happilo Intl Trial Mix 200g,PCS,80,11,40,20,60,10,26,40,0,10,20,0,317
20229 HappiloPrem Whole Cashews 200g,PCS,40,37,0,105,25,100,85,25,0,100,-39,0,478
20236 HappiloPrem Seedless Raisin 250g,PCS,0,3,0,149,31,50,-17,75,-6,25,50,0,360
20243 Happilo Afghani Seedless G Raisin,PCS,0,0,0,0,0,25,25,25,0,25,0,0,100
20434 HappiloPrm Afghani Blc Raisin 250,PCS,0,24,70,110,176,158,246,100,-7,90,60,0,1027
20472 Happilo Intl Salted Party Mix 200g,PCS,40,22,30,1,48,20,15,30,16,20,10,0,252
20564 Happilo INSHELL WALNUT 500G,PCS,0,34,40,14,83,82,125,89,0,32,0,0,499
20571 Happilo Calfn inShell Walnut 1000g,PCS,0,48,50,20,46,48,80,24,0,0,30,0,346
20670 Happilo Prem Afghani Anjeer 200g,PCS,134,73,50,67,130,135,166,65,65,76,25,0,986
20687 Happilo Prem Ir R&S Pistachios 200,PCS,86,38,80,20,2739,85,101,120,43,25,30,0,3367
20991 Happilo Prem S&R Pumpkin Seeds 200,PCS,80,18,60,55,105,119,169,62,87,68,50,0,873
21035 Happilo Prem Queen Kalmi Dates 200,PCS,0,45,70,49,84,120,280,45,0,75,33,0,801
21042 Happilo KING MEDJOUL DATES 200G,PCS,87,0,40,0,10,10,10,0,0,0,50,0,207
21059 Happilo Prem Omani Dates 250g,PCS,100,103,140,10,153,216,46,348,222,206,150,0,1694
21073 Happilo Prem Seeds & Berries 200g,PCS,0,0,0,75,79,45,71,15,0,24,25,0,334
21080 Happilo Prem Dried B'berry C'berry,PCS,43,32,68,18,100,25,50,20,55,35,0,0,446
21202 HP Supersoft Kimia Dates 500g 399/,PCS,0,0,540,40,92,0,0,0,0,0,0,0,672
22476 Happilo Prm White CHIA Seeds 250G,PCS,0,0,0,0,0,0,0,6,0,12,6,0,24
22483 Happilo Prem Raw Melon Seeds 200g,PCS,0,0,0,0,0,6,12,6,0,1,0,0,25
22544 Happilo OMANI DATES 680GM 549/-,PCS,0,0,0,0,0,18,0,0,0,18,1,0,37
22827 Ziofit Californian Almonds,PCS,34,55,60,200,12,12,12,0,0,0,40,0,425
22834 Ziofit Indian Whole Cashew 200gm,PCS,20,13,48,309,10,218,70,48,40,70,2,0,848
22841 Ziofit Indian Long Raisins 200,PCS,6,72,80,63,144,250,112,4,6,48,0,0,785
22858 Ziofit R&S Pistachios,PCS,48,40,70,274,40,136,136,0,0,0,96,0,840
22865 Ziofit Inshell Walnut BOGO 200G315,PCS,50,0,47,0,17,20,20,10,10,0,0,0,174
22896 Ziofit Californian Almonds,PCS,10,20,60,45,0,0,0,0,0,0,0,0,135
22902 Ziofit Indian Whole Cashew 500g,PCS,10,10,50,1,0,0,0,0,0,0,0,0,71
22919 Ziofit Roasted & LS Pistachios 500,PCS,24,50,34,0,0,0,1,0,0,0,0,0,109
22926 Ziofit Indian Long Raisins,PCS,48,72,70,24,0,0,0,0,0,0,0,0,214
22933 Ziofit Californian Inshell Walnuts,PCS,72,20,4,0,0,0,0,0,0,0,0,0,96
22964 Ziofit Classic Sultan Date 500g,PCS,82,48,90,10,0,0,0,0,0,0,0,0,230
22971 Ziofit Walnuts Kernels Ext 250,PCS,80,51,61,168,118,88,0,72,12,0,0,0,650
22988 Ziofit Dried Figs 200g 625/-,PCS,0,24,72,274,20,36,12,70,25,0,48,0,581
23046 Ziofit Classic Sultan Date 250,PCS,48,83,167,360,100,70,192,80,30,0,1,0,1131
23053 Ziofit Walnut Kernels Extr,PCS,143,0,96,262,52,72,0,140,20,47,0,0,832
23060 Ziofit Walnut Kernels (BOGO) 250g,PCS,36,48,36,251,66,92,70,64,0,0,48,0,711
23619 Happilo Natural Almond 500g,PCS,1895,2500,0,771,2090,2257,372,1910,2,26,165,0,11988
23626 Happilo Prem Whole Cashews 500g,PCS,1221,1160,173,1596,655,2360,66,1965,213,205,400,0,10014
23633 Happilo Prem Seedles Raisins 500g,PCS,195,11,91,102,111,140,150,570,91,116,160,0,1737
23640 Happilo R&S Califo Pistachios 500g,PCS,152,40,100,113,233,160,201,287,131,270,79,0,1766
23732 HP Dry Fruit CB GTB MACAW 285G 599,PCS,0,0,0,0,0,0,500,0,0,0,0,0,500
23749 Happilo Dry Fruit Celeb Earth,PCS,0,0,0,0,0,0,700,0,0,0,0,0,700
26856 Happilo Dry Fruit Celebrat,PCS,0,0,0,0,0,0,400,0,0,0,0,0,400
26870 Happilo Dry Fruit Celebrat,PCS,0,0,0,0,0,0,24,0,0,0,0,0,24
27037 Happilo Oven R&S Cashew 80g,PCS,0,24,0,76,0,0,0,0,0,0,0,0,100
27181 Happilo Super Mom Trial Mix 350g,PCS,5,20,55,25,40,30,44,26,0,0,25,0,270
27211 Happilo Prem Seeds & Nuts Mix 250g,PCS,0,20,80,15,30,0,40,59,0,0,40,0,284
27235 Happilo Prm 10in1Seeds & Nuts Mix,PCS,0,25,0,0,0,0,0,0,0,0,0,0,25
27464 HP SS Makhana Perky Pudina 60g(99),PCS,0,0,0,150,0,45,0,0,0,0,0,0,195
27471 HP SS Makhana Peri Peri 60g (99),PCS,0,0,0,150,0,45,75,15,60,0,15,0,360
27563 Happilo Prem Intl Fitness Mix 160g,PCS,60,10,65,24,60,0,15,26,0,0,50,0,310
27570 Happilo Prem Intl Health Mix 160g,PCS,10,10,51,60,30,18,50,40,10,0,40,0,319
27587 Happilo Prm Intrn Champion Mix 160,PCS,20,11,47,25,40,10,50,20,10,0,25,0,258
28034 Happilo Dry Fruit Celebrat,PCS,0,0,0,0,0,0,300,0,0,0,0,0,300
28072 Happilo Dry Fruit CP GB Gardenia,PCS,0,0,0,0,0,0,500,0,0,0,0,0,500
28164 Happilo Dry Fruit Celeb Orchid 1kg,PCS,0,0,0,0,0,0,36,262,-67,0,0,0,231
28393 HP SS Makhana Chilli Garlic 60g (9,PCS,0,0,0,150,0,60,45,75,0,0,75,0,405
28409 HP SS Makhana Pink S&P 60g (99),PCS,0,0,0,150,0,55,0,60,15,0,44,0,324
28423 HP SS Makhana Cream&Onion 60g (99),PCS,0,0,0,150,0,45,0,60,15,0,45,0,315
28744 HP Cranberry Cashew DF Bar35g (70),PCS,0,0,0,432,144,0,138,288,0,0,0,0,1002
28751 HP Rose Almond DF Bar 35g (70),PCS,0,0,0,432,144,0,0,0,0,0,0,0,576
28768 HP Walnuts DF Bar 35g (70),PCS,0,0,0,432,372,0,0,144,0,0,0,0,948
28775 HP Pista DF Bar 35g (70),PCS,0,0,0,432,253,0,0,144,0,0,144,0,973
28782 HP Choco Almond DF Bar 35g (70),PCS,0,0,0,432,420,0,0,0,0,0,0,0,852
29215 HP Blueberries DF Bar 35g (70),PCS,0,0,0,432,144,0,144,0,0,0,0,0,720
29642 HP CB DF Bar Asrtd (15gX2X6) 180g,PCS,0,0,0,24,0,0,0,0,0,0,0,0,24
29932 Happilo Dry Fruit BarFi GB 240G,PCS,0,0,0,0,0,0,200,0,-1,0,0,0,199
BABA BHUJIA SF ACHARI MANGO-30GM,PCS,0,0,0,0,170,0,600,-58,0,0,0,0,712
BABA BHUJIA SF CRUNCHY VEGGIES-30GM,PCS,0,0,0,0,170,0,600,-63,600,0,0,0,1307
BABA BHUJIA SF MIX S BUNDI-30GM,PCS,0,0,0,0,170,200,300,-80,600,0,0,0,1190
BABA BHUJIA SF PUDINA MASALA-30GM,PCS,0,0,0,0,170,0,300,-76,0,0,0,0,394
Baba Elaichi Silver Coated 10 g,PCS,530,385,-220,30,70,105,130,95,225,99,150,0,1599
Baba Elaichi Silver Coated 6 g,PCS,50,70,60,60,100,50,90,70,90,100,20,0,760
BABA FRU ASSORTED JELLY JAR,PCS,-3,0,0,0,0,0,0,0,0,0,0,0,-3
BABA FRU ASSORTED JELLY POUCH (3.6x100),PCS,30,0,0,30,-1,-2,30,29,30,60,0,0,206
BABA FRU ASSORTED JELLY POUCH (3.6X30),PCS,0,0,-5,-46,-3,0,0,-12,-6,-12,0,0,-84
BABA GEL & JELLY ASSORTED FUN PACK 3*4,PCS,0,0,0,0,0,0,0,3,-6,0,0,0,-3
BABA KABULI CHANNA SF HING JEERA-30GM,PCS,0,0,0,0,170,200,-90,0,0,0,0,0,280
BABA KABULI CHANNA SF LEMON CHILLI-30GM,PCS,0,0,0,0,170,200,0,-128,0,0,0,0,242
BABA KABULI CHANNA SF PLAIN SALTED-30GM,PCS,0,0,0,0,170,0,0,0,0,0,0,0,170
BABA KABULI CHANNA SF PUDINA MASALA-30GM,PCS,0,0,0,0,170,0,-96,0,0,0,0,0,74
BABA LIQUID LIFE NAT. MINERAL WATER 15L,PCS,25,28,0,-3,6,0,0,0,0,-1,0,0,55
BABA LIQUID LIFE NAT. MINERAL WATER 1L,PCS,900,1044,900,792,1260,575,636,312,744,372,192,0,7727
BABA LIQUID LIFE NAT. MINERAL WATER 200,PCS,168,168,216,72,312,72,192,72,168,72,0,0,1512
BABA MAKHANA ACHARI MANGO TWIST - 16GM,PCS,593,682,2250,2357,2560,2830,3320,1860,1934,2055,900,0,21341
BABA MAKHANA ACHARI MANGO TWIST - 75 GM,PCS,72,38,0,24,48,0,19,24,-7,0,0,0,218
BABA MAKHANA CHEESY GARLIC TWIST - 16 GM,PCS,0,180,1620,1440,630,900,720,1440,1530,1260,720,0,10440
BABA MAKHANA CHEESY SALT & BLC P - 16 GM,PCS,0,450,1440,1350,1170,1440,1710,360,1080,2520,720,0,12240
BABA MAKHANA LEMON MASALA TWIST - 16GM,PCS,1770,2390,3514,3980,3618,4323,4180,2940,2600,2637,1539,0,33491
BABA MAKHANA LEMON MASALA TWIST - 75 GM,PCS,72,48,0,48,48,0,24,0,0,48,0,0,288
BABA MAKHANA PERI PERI MASALA 80GM,PCS,0,0,0,0,0,20,88,8,0,0,0,0,116
BABA MAKHANA PERI PERI TWIST - 16GM,PCS,0,450,1440,1440,720,720,450,900,990,1080,450,0,8640
BABA MAKHANA PUDINA MASALA 80GM,PCS,0,0,0,0,0,20,88,8,0,0,0,0,116
BABA MAKHANA PUDINA MASALA TWIST - 16GM,PCS,1973,2330,3946,4660,5160,4677,4800,4470,3649,3118,1620,0,40403
BABA MAKHANA PUDINA MASALA TWIST - 75 GM,PCS,96,48,0,24,144,24,0,0,24,48,0,0,408
BABA MAKHANA SALT & BLC PPR 80GM,PCS,0,0,0,0,0,20,172,8,0,24,0,0,224
BABA NATURE'S MIRACLE AGLIO SAUCE 150G,PCS,6,16,0,5,2,0,5,29,15,1,-1,0,78
BABA NATURE'S MIRACLE AOBITA SAUCE 400G,PCS,-10,6,-6,6,0,18,0,0,24,5,0,0,43
BABA NATURE'S MIRACLE CHETTINAD GRAVY,PCS,0,0,-6,0,0,-3,-4,12,-3,0,0,0,-4
BABA NATURE'S MIRACLE DATE SWTNR 200G,PCS,0,0,0,0,0,0,0,4,14,4,0,0,22
BABA NATURE'S MIRACLE MAKHANI GRAVY 370g,PCS,0,0,0,0,0,3,3,-2,0,0,0,0,4
BABA NATURE'S MIRACLE RATATO SPREAD 175G,PCS,6,0,0,4,-1,3,33,21,9,-9,-6,0,60
BABA NATURE'S MIRACLE S.WICH SPREAD 175G,PCS,0,0,0,0,0,3,3,3,16,-16,-1,0,8
BABA NATURE'S MIRACLE TOMATO SALSA 175,PCS,2,8,-1,3,11,14,39,18,0,-9,-34,0,51
BABA SF ACHARI MANGO CHIPS-45G,PCS,134,180,0,270,0,0,90,89,178,270,0,0,1211
BABA SF ASSORTED BOX MAKHANA 3CANS*80G,PCS,0,0,0,0,0,0,56,0,0,0,0,0,56
BABA SF PUDINA MIX CHIPS-45G,PCS,90,90,90,270,0,0,0,0,90,90,0,0,720
BABA SF SALT & PEPPER CHIPS-45G,PCS,0,0,0,0,0,0,0,1440,0,0,0,0,1440
BOROLINE ANTISEPTIC CR 20G T 42/-,PCS,0,0,500,0,0,0,500,227,0,652,0,0,1879
BOROLINE ANTISEPTIC CR 40G JAR 80/-,PCS,0,0,360,0,0,0,240,524,0,1117,0,0,2241
BOROLINE SUTHOL CHANDAN 200ML 85/-,PCS,0,0,120,0,0,0,0,0,0,0,0,0,120
BOROLINE SUTHOL CHANDAN SPRAY 100ML,PCS,0,0,120,0,0,0,0,0,0,0,0,0,120
BOROLINE SUTHOL NEEM 100ML 48/-,PCS,0,0,240,0,0,80,0,0,0,0,0,0,320
BOROLINE SUTHOL NEEM 200ML 85/-,PCS,0,0,360,0,0,0,0,0,0,0,0,0,360
BOROLINE SUTHOL NEEM SPRAY 100ML,PCS,0,0,240,0,0,0,0,0,0,0,0,0,240
BOROLINE SX ANTISEPTIC CR 100G 185/-,PCS,0,0,60,0,0,0,0,0,0,0,0,0,60
BOROLINE ULTRA SMOOTH ANTISEPTIC CRM 100,PCS,0,0,60,0,0,0,0,0,0,0,0,0,60
BOROLINE ULTRA SMOOTH CRM 20ml,PCS,0,0,0,0,0,0,180,0,0,159,0,0,339
BOROLINE ULTRA SMOOTH CRM 40GM,PCS,0,0,0,0,0,0,120,261,0,772,0,0,1153
Denver Beer Shampoo Anti Dandruff 200ml,PCS,0,0,600,0,0,0,0,0,0,0,0,0,600
Denver Black Code Deo Cap,PCS,0,0,0,0,30,0,0,0,0,0,0,0,30
Denver Caliber Deo Cap,PCS,0,0,0,0,30,0,0,0,0,0,0,0,30
Denver Deo Blackcode 127G 280/-,PCS,3339,686,215,1160,124,0,222,12,63,119,6,0,5946
Denver Deo Caliber 127gm 280/-,PCS,918,1524,1767,792,792,1326,735,290,807,870,6,0,9827
Denver Deo Goal 127G 265/-,PCS,0,0,600,0,0,0,0,0,0,0,0,0,600
Denver Deo Hamilton 127gm 280/-,PCS,2059,4902,2016,3684,4047,5109,4649,3153,6441,3012,1215,0,40287
Denver Deo Honour 127gm 280/-,PCS,488,1029,1149,900,435,123,480,243,205,138,12,0,5202
Denver Deo Imperial 127gm 280/-,PCS,2542,2865,855,2904,2355,2223,2942,1683,1554,1641,1224,0,22788
Denver Deo Men of Steel Drill 127G 280/-,PCS,0,0,0,0,0,900,0,0,0,0,0,0,900
Denver Deo Pride 127gm 280/-,PCS,975,1037,438,1023,558,300,546,440,381,157,9,0,5864
Denver Deo Rider 127G 265/-,PCS,0,0,600,0,0,0,0,0,0,0,0,0,600
Denver Deo Victor 127G 280/-,PCS,0,0,900,300,0,0,1800,0,0,900,720,0,4620
Denver Facewash Acne Clear 100G 225/-,PCS,0,720,0,0,0,0,0,0,0,0,0,0,720
Denver Facewash Deep Clean 100G 225/-,PCS,0,720,0,0,0,0,0,0,0,0,0,0,720
Denver Facewash Oil Clear 100G 225/-,PCS,0,720,0,0,0,0,0,0,0,0,0,0,720
Denver Hamilton Deo Cap,PCS,0,0,0,0,30,0,0,0,0,0,0,0,30
Denver Imperial Deo Cap,PCS,0,0,0,0,30,0,0,0,0,0,0,0,30
Denver Perfume Blackcode 70ml 349/-,PCS,0,0,0,0,0,0,0,0,0,1824,1200,0,3024
Denver Victor Deo Cap,PCS,0,0,0,0,25,0,0,0,0,0,0,0,25
EARTHFRESH BROWN CHANA 500G POUCH,PCS,0,0,0,0,0,0,0,0,300,60,120,0,480
EARTHFRESH CHANA BESAN 500G POUCH,PCS,0,0,0,0,0,0,0,0,240,0,60,0,300
EARTHFRESH CHANA DAL 500G POUCH,PCS,0,0,0,0,0,0,0,0,0,0,240,0,240
EARTHFRESH GOBINDO BHOG RICE 1KG,PCS,0,0,0,0,0,0,0,0,0,0,270,0,270
EARTHFRESH GREEN MOONG 500G POUCH,PCS,0,0,0,0,0,0,0,0,300,60,60,0,420
EARTHFRESH KABULI CHANA 500G POUCH,PCS,0,0,0,0,0,0,0,0,420,100,120,0,640
EARTHFRESH KASHMIRI RAJMA 500G POUCH,PCS,0,0,0,0,0,0,0,0,240,60,60,0,360
EARTHFRESH MASOOR MALKA 500G POUCH,PCS,0,0,0,0,0,0,0,0,360,60,120,0,540
EARTHFRESH MATAR 500G POUCH,PCS,0,0,0,0,0,0,0,0,360,60,90,0,510
EARTHFRESH MOONG DAL 500G POUCH,PCS,0,0,0,0,0,0,0,0,240,60,120,0,420
EARTHFRESH TOOR DAL 1KG,PCS,0,0,0,0,0,0,0,0,240,60,60,0,360
EARTHFRESH URAD DAL 500G POUCH,PCS,0,0,0,0,0,0,0,0,180,60,60,0,300
Envy Perfume Men 70ml Black 349/-,PCS,0,0,0,-1,1200,1200,2256,0,1440,624,0,0,6719
Envy Perfume Women 70ml White 349/-,PCS,0,0,0,0,1200,0,0,1344,0,720,0,0,3264
EVA BODY SPRAY DOLL 150ML,PCS,18,-1,0,1104,0,0,607,0,0,24,0,0,1752
EVA BODY SPRAY FRESH 125ML,PCS,1515,12,21,603,612,0,12,618,9,3,6,0,3411
EVA BODY SPRAY FRESH 150ML,PCS,204,24,0,360,0,0,1212,0,0,24,0,0,1824
EVA BODY SPRAY SWEET 150ML,PCS,0,24,0,0,0,0,12,0,0,24,0,0,60
EVA BODY SPRAY WILD 150ML,PCS,204,24,0,360,0,0,1212,0,0,0,0,0,1800
EVA DEO SPRAY BLUSH 125ML,PCS,18,24,9,0,3,0,3,6,3,12,0,0,78
EVA DEO SPRAY COMBI 125ML 285/-,PCS,6,131,69,36,63,60,78,6,24,12,81,0,566
EVA DEO SPRAY COMBI 150ML,PCS,9,0,51,12,42,0,0,96,39,9,0,0,258
EVA DEO SPRAY COMBI 2G1 150ML 400/,PCS,18,112,80,388,57,31,64,74,33,25,60,0,942
EVA DEO SPRAY DEW 125ML,PCS,6,0,0,0,0,0,0,0,0,0,0,0,6
EVA DEO SPRAY DOLL 125ML,PCS,1509,51,12,1806,609,12,9,1215,12,0,6,0,5241
EVA DEO SPRAY DOLL Mini 40ML,PCS,0,0,0,360,0,0,0,0,0,0,0,0,360
EVA DEO SPRAY FLIRT 125ML,PCS,15,15,0,0,0,6,0,0,12,6,9,0,63
EVA DEO SPRAY FRESH Mini 40ML,PCS,0,0,0,360,0,0,0,0,0,0,0,0,360
EVA DEO SPRAY SWEET 125ML,PCS,24,21,6,3,3,6,6,6,6,3,0,0,84
EVA DEO SPRAY URBANE 150ML,PCS,0,24,0,0,0,0,0,12,0,0,0,0,36
EVA DEO SPRAY WILD 125ML,PCS,1527,12,21,603,600,0,3,1212,18,0,3,0,3999
EVA DEO SPRAY WILD Mini 40ML,PCS,0,0,0,360,0,0,0,0,0,0,0,0,360
EVA DEO TALC FRESH 100GMS,PCS,58,33,0,0,0,0,1,0,0,0,0,0,92
EVA DEO TALC FRESH 400GMS,PCS,36,12,0,0,0,0,0,0,0,0,0,0,48
EVA DEO TALC SWEET 100GMS,PCS,58,33,0,0,0,0,1,0,0,0,0,0,92
EVA DEO TALC SWEET 400GMS,PCS,36,2,0,0,0,0,0,0,0,0,0,0,38
EVA SHINE DEO ROLL ON 50ML,PCS,0,0,0,0,0,0,0,0,6,6,48,0,60
EVA SOFT DEO ROLL ON 50ML,PCS,0,0,0,0,0,0,0,0,6,0,54,0,60
EVA SPLASH DEO ROLL ON 50ML,PCS,0,0,0,0,0,0,0,0,6,6,51,0,63
FRIENDS ADULT DIAPER PREM LARGE 10S,PCS,0,0,6,0,0,0,0,0,0,8,0,0,14
FRIENDS ADULT DIAPER PREM XL 10S,PCS,184,0,0,0,0,0,0,0,0,0,0,0,184
FRIENDS ADULT DIAPERS EASY LARGE PP 10p,PCS,24,-7,0,-12,12,192,24,60,36,24,24,0,377
FRIENDS ADULT DIAPERS EASY MEDIUM PP 10p,PCS,0,0,1,-10,0,482,12,4,53,24,36,0,602
FRIENDS ADULT DIAPERS EASY XTRA LARGE PP,PCS,276,49,0,0,0,8,0,7,0,0,0,0,340
FRIENDS ADULT DIAPERS ECO LARGE 10s*12,PCS,0,0,0,0,0,0,0,0,0,0,12,0,12
FRIENDS ADULT DIAPERS ECO XL 10s*12,PCS,0,0,0,0,0,12,6,5,0,0,0,0,23
FRIENDS ADULT DIAPERS OVERNIGHT XL 10S*8,PCS,0,0,0,0,0,0,0,0,0,16,0,0,16
FRIENDS ADULT DIAPERS PANTS PREM L10s,PCS,29,9,5,7,0,328,8,22,16,8,17,0,449
FRIENDS ADULT DIAPERS PANTS PREM M10s,PCS,28,12,7,18,0,152,136,40,30,38,24,0,485
FRIENDS ADULT DIAPERS PANTS PREM XL10s,PCS,77,0,8,14,0,0,8,8,6,0,0,0,121
FRIENDS ADULT DRY PANTS LARGE 10P,PCS,0,0,0,0,0,0,24,0,48,0,0,0,72
FRIENDS ADULT DRY PANTS MEDIUM 10'S,PCS,0,0,8,0,0,140,0,0,0,0,0,0,148
FRIENDS ADULT PANTS CLASSIC LARGE 10*8,PCS,16,0,8,8,8,0,0,0,0,0,6,0,46
FRIENDS ADULT PANTS CLASSIC MEDIUM 10*8,PCS,0,0,0,8,0,8,0,0,8,6,0,0,30
FRIENDS ADULT PANTS CLASSIC XL 10*8,PCS,0,0,8,8,8,0,0,0,0,6,0,0,30
FRIENDS ADULT PANTS OVERNIGHT M10S*8,PCS,0,0,8,0,0,8,0,0,0,0,0,0,16
FRIENDS ADULT PANTS OVERNIGHT XL 10*8,PCS,0,0,0,0,0,0,0,0,0,8,0,0,8
GH AFR (3+1) 50g 135/-,PCS,0,0,0,0,0,0,0,0,6,6,0,0,12
GH AFR (3+1) 75g 195/-,PCS,0,0,0,0,0,0,0,0,6,6,0,0,12
GH AFR AROMA PERF CITRUS 10G 60/-,PCS,24,0,24,144,0,0,0,0,0,0,0,0,192
GH AFR AROMA PERF JASMINE 10G 60/-,PCS,30,8,8,16,0,0,6,0,0,8,0,0,76
GH AFR AROMA PERF LAVENDER 10G 60/-,PCS,144,24,0,144,0,0,7,0,0,144,0,0,463
GH AFR AROMA PERF ROSE 10G 60/-,PCS,48,16,6,14,0,4,0,4,0,6,0,0,98
GOODHOME AIR FRESHNER JASMINE 50G 50/-,PCS,0,6,6,0,6,0,6,4,0,12,4,0,44
GOODHOME AIR FRESHNER JASMINE 75G 85/,PCS,0,4,0,0,0,0,6,0,0,4,0,0,14
GOODHOME AIR FRESHNER LAVENDER 75G 85/-,PCS,0,0,0,60,0,0,0,0,0,0,0,0,60
GOODHOME AIR FRESHNER ROSE 50G 50/-,PCS,0,0,0,0,0,0,6,0,0,0,0,0,6
GOODHOME Drain Cleanser B3G1 50g,PCS,12,135,63,36,93,36,78,81,45,27,57,0,663
GOODHOME GLASS & MS CLEANER 500ML,PCS,0,0,0,0,0,0,0,0,6,0,6,0,12
GOODHOME MAX SCRUBBER,PCS,0,861,138,81,228,129,174,222,129,60,276,0,2298
GOODHOME ODOUR REMOVER AQUA FRESH 160GMS,PCS,3,0,0,0,0,0,0,0,0,0,0,0,3
GOODHOME OR MEMORIES OF SPRING,PCS,6,0,0,0,0,0,0,0,0,0,0,0,6
GOODHOME RF FLORAL 130GM,PCS,486,0,600,0,600,0,0,0,600,0,0,0,2286
GOODHOME ROOM FRESHNER JASMINE 130G 160/,PCS,4,144,0,0,0,0,0,0,0,0,0,0,148
GOODHOME ROOM FRESHNER LAVENDER 130G,PCS,485,288,600,0,600,0,0,0,600,0,0,0,2573
GOODHOME ROOM FRESHNER LEMON 130G 160/-,PCS,3,0,0,0,0,0,0,0,0,0,0,0,3
GOODHOME ROOM FRESHNER ROSE 130G 160/-,PCS,6,0,0,0,600,0,1,0,600,0,0,0,1207
GOODHOME ROOM FRESHNER SANDAL 130G 160/-,PCS,0,0,0,0,600,0,0,0,600,0,0,0,1200
GOODHOME SCRUB PAD 2 IN 1 B2G1 60/-,PCS,84,191,72,36,108,60,108,120,48,36,120,0,983
GOODHOME SCRUB PAD 2+1 30/-,PCS,0,96,0,144,48,0,0,0,0,0,0,0,288
GOODHOME SCRUB PAD 2-IN-1  30/-,PCS,180,239,175,96,252,0,144,252,125,288,204,0,1955
GOODHOME SCRUB PAD LARGE COMBI 60//,PCS,264,228,72,72,115,72,132,144,120,24,72,0,1315
GOODHOME SCRUB PAD TOUGH 7.5 X 7.5,PCS,0,0,144,0,0,0,144,0,0,0,0,0,288
GOODHOME SCRUB PAD Xtra Tough 2+1 60/-,PCS,108,96,40,36,0,0,0,40,0,0,0,0,320
GOODHOME SCRUB PAD XTRA TOUGH 7.5 X 10,PCS,0,0,0,0,0,0,144,0,0,120,0,0,264
GOODHOME SS SCRUBBER,PCS,576,2064,231,120,480,336,552,696,288,288,576,0,6207
GOODHOME SS SCRUBBER 11G 2+1 30/-,PCS,432,501,99,78,285,86,234,309,204,84,264,0,2576
GOODHOME SS SCRUBBER 2+1,PCS,48,512,96,120,300,96,252,336,161,192,294,0,2407
GOODHOME ULTRA SCRUBBER,PCS,0,249,84,60,132,60,96,144,96,60,120,0,1101
GOODHOME Unbox Drain Cleanser 50g,PCS,24,372,132,108,204,108,192,192,84,48,156,0,1620
HR  All In One 200G*20 65/-,PCS,0,0,0,0,0,0,0,50,43,0,0,0,93
HR  Aloo Bhujia  200G*50 65/-,PCS,0,0,0,0,0,0,0,50,4,0,0,0,54
HR  Aloo Bhujia  400G*25 120/-,PCS,0,0,0,0,0,0,0,0,3,0,0,0,3
HR  Badam Luchha 200G*40 102/-,PCS,0,0,0,0,0,0,0,40,0,0,0,0,40
HR  Besan Ladoo 500G*10 280/-,PCS,0,0,0,0,0,0,0,200,143,0,0,0,343
HR  BHELPURI 40G*276 10/-,PCS,0,0,0,0,0,0,0,276,0,0,0,0,276
HR  BHUJIA  36G*360 10/-,PCS,0,0,0,0,0,0,0,360,0,0,0,0,360
HR  Bhujia  400G*30 130/-,PCS,0,0,0,0,0,0,0,0,55,0,0,0,55
HR  Bhujia 1000G*12 300/-,PCS,0,0,0,0,0,0,0,0,56,0,0,0,56
HR  BOMBAY MIX  400G*30 120/-,PCS,0,0,0,0,0,0,0,0,30,0,0,0,30
HR  Cornflakes 200G*40 80/-,PCS,0,0,0,0,0,0,0,40,0,0,0,0,40
HR  CORNFLAX 36G*276 10/-,PCS,0,0,0,0,0,0,0,0,3,0,0,0,3
HR  DD Soan Papdi 1Kg*10 430/-,PCS,0,0,0,0,0,0,0,1040,-36,0,-36,0,968
HR  Desi Ghee Soan Papdi 500G*20 360/-,PCS,0,0,0,0,0,0,0,78,5,0,0,0,83
HR  DOUBLE MAZZA 38G*360 10/-,PCS,0,0,0,0,0,0,0,0,3,0,0,0,3
HR  ELACHI SOAN PAPDI 500G*20 155/-,PCS,0,0,0,0,0,0,0,0,200,0,0,0,200
HR  GULAB JAMUN 1Kg*12 300/-,PCS,0,0,0,0,0,0,0,36,3,0,0,0,39
HR  HARA MATTER 38G*360 10/-,PCS,0,0,0,0,0,0,0,360,0,0,0,0,360
HR  KAJU MIXTURE 24G*300 10/-,PCS,0,0,0,0,0,0,0,0,3,0,0,0,3
HR  Kashmiri Mix 400G*40 180/-,PCS,0,0,0,0,0,0,0,0,40,0,0,0,40
HR  Khatta Meetha 200G*50 65/-,PCS,0,0,0,0,0,0,0,50,0,0,0,0,50
HR  Kismish Phalhari Mixure 150G*50 65/-,PCS,0,0,0,0,0,0,0,50,38,0,0,0,88
HR  Massala Aloo Chips 200G*20 78/-,PCS,0,0,0,0,0,0,0,60,54,0,0,0,114
HR  Moong Dal 36G*300 10/-,PCS,0,0,0,0,0,0,0,300,60,0,0,0,360
HR  Moong Dal 400G*40 135/-,PCS,0,0,0,0,0,0,0,0,38,0,0,0,38
HR  Navrattan  200G*50 65/-,PCS,0,0,0,0,0,0,0,0,4,0,0,0,4
HR  Navrattan  400G*30 120/-,PCS,0,0,0,0,0,0,0,60,3,0,0,0,63
HR  Navrattan 36G*360 10/-,PCS,0,0,0,0,0,0,0,360,0,0,0,0,360
HR  Nut Cracker 200G*20 68/-,PCS,0,0,0,0,0,0,0,50,0,0,0,0,50
HR  NUT CRACKER 38G*360 10/-,PCS,0,0,0,0,0,0,0,360,0,0,0,0,360
HR  OCASSION KHUSHIYAN 800G*10 435/-,PCS,0,0,0,0,0,0,0,16,44,0,0,0,60
HR  POOJA BHOGH 2.4Kg*6 750/-,PCS,0,0,0,0,0,0,0,8,32,0,0,0,40
HR  Prem Soan Papdi 500G*20 225/-,PCS,0,0,0,0,0,0,0,280,-46,0,-46,0,188
HR  RASSGULLA 1Kg*12 300/-,PCS,0,0,0,0,0,0,0,36,0,0,0,0,36
HR  Ratnami Sev 200G*50 68/-,PCS,0,0,0,0,0,0,0,50,42,0,0,0,92
HR  Rose Soan Papdi 500G*20 240/-,PCS,0,0,0,0,0,0,0,0,40,0,0,0,40
HR  S FREE SOAN PAPDI 500G*20 410/-,PCS,0,0,0,0,0,0,0,40,0,0,0,0,40
HR  SWEETS & NAMKEEN 900G*14 385/-,PCS,0,0,0,0,0,0,0,28,2,0,-23,0,7
HR  Tok Jhal Mishti 400G*25 120/-,PCS,0,0,0,0,0,0,0,0,25,0,0,0,25
HR Prem Patisa 500G*20 240/-,PCS,0,0,0,0,0,0,0,40,3,0,0,0,43
KERALA SANDAL SOAP 125G*3 285/,PCS,40,80,360,240,400,240,400,200,240,200,200,0,2600
KERALA SANDAL SOAP TRIO 150G*3 340/-,PCS,720,504,1821,1416,1296,1536,1603,1344,600,1335,216,0,12391
KERALA SOAP 3IN1 FAMILY PACK 450G,PCS,0,0,119,48,24,24,24,0,0,0,0,0,239
KLF Coconad Cocunut Milk 400ml,PCS,121,95,134,121,84,213,96,185,224,48,144,0,1465
KLF Coconad Milk 200ml,PCS,48,24,72,0,24,48,0,48,72,48,0,0,384
KLF Coconad Milk Powder 100g,PCS,528,240,336,384,479,288,336,288,192,216,120,0,3407
KLF Coconad Milk Powder 1Kg,PCS,12,12,24,0,12,24,11,24,24,36,0,0,179
KLF Coconad Oil 500ml Pet,PCS,318,332,350,306,304,466,258,337,152,33,58,0,2914
KLF Coconad Oil 500ml Pouch,PCS,100,80,40,60,120,40,80,120,0,40,40,0,720
KLF Coconut Oil 1 Ltr Pet,PCS,73,127,48,31,203,46,20,160,108,70,20,0,906
KLF Coconut Oil 1 Ltr Pouch,PCS,280,302,384,291,391,345,242,325,212,100,40,0,2912
KLF Inst Coconut Chutney 25g,PCS,240,96,288,336,96,336,192,240,96,336,144,0,2400
KLF Inst Coconut Corriander Chutney 25g,PCS,95,48,192,48,240,192,192,144,96,240,0,0,1487
KLF Inst Coconut Red Chilly Chutney 25g,PCS,96,96,48,96,95,144,0,48,48,48,48,0,767
KLF Nirmal Coconut  Oil 1 Ltr Can,PCS,12,20,100,0,40,40,40,40,58,38,20,0,408
KLF Nirmal Coconut  Oil 500ml Blue Bt,PCS,5,12,0,0,0,0,0,0,0,0,0,0,17
KLF Nirmal Virgin 250ml Bt,PCS,54,80,96,32,112,85,32,137,40,80,48,0,796
KLF Nirmal Virgin 500ml GB-NN,PCS,0,0,12,0,5,6,12,0,5,0,3,0,43
KLF Nirmal Virgin 500ml GBWM,PCS,6,0,6,7,0,0,0,0,6,3,0,0,28
KLF Nirmal Virgin Coconut Oil 250ml GB,PCS,-1,12,8,36,6,16,32,16,32,16,0,0,173
KLF Nirmal Virgin Coconut Oil 250ml NN,PCS,16,0,0,0,0,0,0,0,0,0,0,0,16
KLF Nirmal Virgin Coconut Oil 500ml Bt,PCS,0,54,30,35,25,61,43,48,74,50,16,0,436
KLF Nirmal Virgin Oil 1 Ltr Can,PCS,24,36,12,24,36,36,36,24,48,24,0,0,300
KLF Tilnad Oil 1000ml Pouch,PCS,0,59,20,20,20,60,60,60,80,0,20,0,399
KLF Tilnad Oil 1Ltr Bottle,PCS,60,80,80,100,100,80,80,120,80,0,40,0,820
KLF Tilnad Oil 200ml Pet,PCS,81,96,72,104,96,120,72,100,64,39,48,0,892
KLF Tilnad Oil 500ml Bottle,PCS,238,151,153,169,122,304,138,282,358,158,197,0,2270
KLF Tilnad Oil 500ml Pouch,PCS,80,40,0,0,60,40,40,40,80,0,40,0,420
KS 12s ORGASMAX MRP 230/-,PCS,0,0,0,2,48,0,0,0,0,0,0,0,50
KS 12s RIBBED MRP 120/-,PCS,0,0,0,-12,0,0,0,0,0,0,0,0,-12
KS 12s ULTRATHIN MRP 250/-,PCS,0,0,0,-7,19,0,0,0,0,0,0,0,12
KS 20s Dotted Desire MRP 200/-,PCS,0,0,0,-5,0,0,0,0,0,0,0,0,-5
KS 20s SUPERTHIN PLEA  MRP 250/-,PCS,0,0,0,-7,20,0,0,0,0,0,0,0,13
KS 2SPARK+1 URGE 150ML  470/-,PCS,0,24,81,2,70,0,0,0,0,0,0,0,177
KS A0s SKYN FEEL  MRP 270/-,PCS,0,0,0,0,20,0,0,0,0,0,0,0,20
KS DARE AEROSOL 150ML  230/-,PCS,0,48,6,-1,6,0,0,0,0,0,0,0,59
KS DEO DARE POWER SERIES 230/-,PCS,0,0,0,48,0,0,0,0,0,0,0,0,48
KS DEO URGE POWER SERIES 135ml 220/-,PCS,256,0,-1,-1,-23,0,0,0,0,0,0,0,231
KS EXCITE REGULAR LQD 150ML  275/-,PCS,3,17,12,0,18,0,0,0,0,0,0,0,50
KS PASSION REGULAR LQD 150ML  275/-,PCS,0,18,12,0,18,0,0,0,0,0,0,0,48
KS POWER SPARK SERIES 135 ML 220/-,PCS,575,65,95,102,62,0,0,0,0,0,0,0,899
KS RUSH AEROSOL 150ML  230/-,PCS,0,48,0,48,0,0,0,0,0,0,0,0,96
KS SPARK AEROSOL 150ML  230/-,PCS,12,1053,27,54,54,0,0,0,0,0,0,0,1200
KS SPARK MEGA 220ML  360/-,PCS,108,-1,0,89,44,0,0,0,0,0,0,0,240
KS URGE AEROSOL 150ML  230/-,PCS,0,1641,0,0,12,0,0,0,0,0,0,0,1653
KS URGE AEROSOL B1G1 150ML  230/-,PCS,0,636,213,191,247,0,0,0,0,0,0,0,1287
LC Combi Skin 120 ml,PCS,60,74,0,108,50,12,58,10,0,50,0,0,422
LC Combi Skin 60 ml,PCS,207,75,180,135,210,30,138,0,0,30,0,0,1005
LC Little's Baby Wipes 80's,PCS,48,76,0,0,0,0,0,0,0,0,0,0,124
LC Little's Baby Wipes 80's Lid Pack,PCS,32,0,50,36,96,60,48,120,72,0,0,0,514
LC Littles Comfy pants L62 Jumbo,PCS,0,0,0,396,180,294,66,396,120,0,0,0,1452
LC Littles Comfy pants M72 Jumbo,PCS,0,0,0,528,336,240,6,144,150,0,0,0,1404
LC Littles Comfy pants S78 Jumbo,PCS,0,0,0,0,0,240,0,0,0,0,0,0,240
LC Littles Comfy pants XL54 Jumbo,PCS,0,0,0,396,336,18,30,252,96,0,0,0,1128
LC Little's Diaper-L 30s,PCS,0,0,0,0,0,400,0,0,0,0,0,0,400
LC Little's Diaper-M 32s,PCS,0,0,0,0,0,400,0,0,0,0,0,0,400
LC Little's Diaper-XL 24s,PCS,0,0,0,0,0,400,0,0,0,0,0,0,400
LC Oily Skin 120 ml,PCS,395,368,282,920,960,346,264,90,20,72,0,0,3717
LC Oily Skin 60 ml,PCS,336,180,327,1422,537,578,369,165,30,45,15,0,4004
LC Sunscreen SPF 50 -50g,PCS,252,144,108,192,36,108,36,0,0,0,0,0,876
Lion Arabian Seeded Dates 250gm (1+1),PCS,396,102,1419,2360,3035,2527,1866,2760,1343,2824,1223,0,19855
Lion Arabian Seeded Dates 500gm,PCS,0,24,0,-1,0,0,0,0,0,0,0,0,23
Lion Arabian Seeded Dates 500gm (1+1),PCS,564,0,374,160,778,836,679,540,811,584,-107,0,5219
Lion Buman Dates 500gm,PCS,0,0,96,0,48,192,0,48,143,231,44,0,802
Lion Chocolate With Badam 8Pc,PCS,0,0,0,0,0,0,0,0,140,82,0,0,222
Lion Dates Syrup 1000gm,PCS,60,20,16,0,0,73,110,140,77,100,20,0,616
Lion Dates Syrup 250gm,PCS,41,0,5,0,0,132,24,100,68,56,0,0,426
Lion Dates Syrup 500gm,PCS,68,51,83,17,0,151,74,124,18,43,24,0,653
Lion Delicasy Dates 500gm,PCS,0,0,0,0,0,0,0,23,115,24,-1,0,161
Lion Deseeded Dates 200gm Refill,PCS,1058,476,1176,850,729,1168,1644,240,703,372,484,0,8900
Lion Deseeded Dates 500gm Cup,PCS,105,125,446,475,502,810,850,850,1025,870,447,0,6505
Lion Deseeded Dates 500gm Refill,PCS,751,774,829,886,967,898,896,1128,1499,1286,453,0,10367
Lion Desert King Dates 250gm Cup,PCS,542,329,179,586,612,779,732,750,489,459,255,0,5712
Lion Desert King Dates 250gm-P,PCS,0,0,72,219,216,288,144,0,216,360,72,0,1587
Lion Desert King Dates 500gm Cup,PCS,42,45,100,10,57,350,139,225,174,113,-5,0,1250
Lion Desert King Dates 500gm Refill,PCS,123,69,149,91,85,40,445,200,325,130,135,0,1792
Lion Doligo Dates 400G,PCS,0,0,144,0,5,168,0,0,288,174,3,0,782
Lion Kimia Dates 500gm Cup 215/-,PCS,0,0,0,0,0,0,0,72,252,150,4,0,478
Lion Mix Fruit Jam 500gm Combo,PCS,0,0,0,24,0,0,72,57,0,0,24,0,177
Lion Muscat Dates 500gm Refill,PCS,227,0,80,242,120,159,360,279,342,54,60,0,1923
Lion Qyno Seeded Dates 250gm (1+1),PCS,59,88,186,107,305,547,636,480,590,357,89,0,3444
Lion Qyno Seeded Dates 500gm,PCS,0,-4,0,0,0,0,0,0,0,0,0,0,-4
Lion Qyno Seeded Dates 500gm (1+1),PCS,538,781,1159,1043,1444,1859,2368,3771,2592,3907,1195,0,20657
MNL OLEEV KITCHEN MACRONI PASTA 400G 120,PCS,0,0,0,0,0,360,600,600,888,480,240,0,3168
MNL PASTA CUCINA ITALIAN PENNE 400GM,PCS,0,0,0,960,0,480,480,480,168,0,0,0,2568
MNL PASTA CUCINA SPAGHETTI 400GM 150/-,PCS,0,0,0,0,0,0,0,0,0,0,192,0,192
MNL PASTA PREMIUM FUSILLI 400GM 120/-,PCS,0,0,0,840,0,600,760,600,960,480,720,0,4960
MNL PASTA PREMIUM PENNE 400GM 120/-,PCS,48,0,0,656,0,240,720,720,756,1200,0,0,4340
MOKSH 3in1 Assorted Pack 225G 125/-,PCS,0,0,0,0,0,0,0,0,0,192,96,0,288
MOKSH CELEBRATION BOX 150/-,PCS,0,0,0,0,0,0,0,0,0,0,48,0,48
MOKSH PRACHIN CUP SAMBRANI 75/-,PCS,0,0,0,0,0,0,0,0,0,0,72,0,72
MOKSH ROSE PREMIUM PACKET 30G 125/-,PCS,0,0,0,0,0,0,0,0,0,0,36,0,36
MOKSH SWARNA CHAMPA 33G 30/-,PCS,0,0,0,0,0,0,0,0,0,0,30,0,30
MOKSH SWARNA CHAMPA DHOOP STICK 15/-,PCS,0,0,0,0,0,0,0,0,0,0,48,0,48
MOKSH SWARNA CHAMPA ECO 81G 75/-,PCS,0,0,0,0,0,0,0,0,0,432,48,0,480
MOKSH SWARNA CHAMPA ZIPPER-P 110G 70/-,PCS,0,0,0,0,0,0,0,0,0,0,48,0,48
MOKSH SWARNA CHANDAN 33G 30/-,PCS,0,0,0,0,0,0,0,0,0,0,24,0,24
MOKSH SWARNA CHANDAN ECO 81G 75/-,PCS,0,0,0,0,0,0,0,0,0,432,0,0,432
MOKSH SWARNA CHANDAN ZIPPER-P 110G 70/-,PCS,0,0,0,0,0,0,0,0,0,0,48,0,48
MOKSH SWARNA GULAB 33G 30/-,PCS,0,0,0,0,0,0,0,0,0,0,30,0,30
MOKSH SWARNA GULAB ECO 81G 75/-,PCS,0,0,0,0,0,0,0,0,0,0,48,0,48
MOKSH SWARNA GULAB ZIPPER-P 110G 70/-,PCS,0,0,0,0,0,0,0,0,0,0,48,0,48
MOKSH SWARNA LAVENDER 33G 30/-,PCS,0,0,0,0,0,0,0,0,0,0,48,0,48
MOKSH SWARNA LAVENDER ECO 81G 75/-,PCS,0,0,0,0,0,0,0,0,0,0,48,0,48
MOKSH SWARNA MALLIKA ZIPPER-P 110G 70/-,PCS,0,0,0,0,0,0,0,0,0,288,48,0,336
MOKSH SWARNA MOGRA ECO 81G 75/-,PCS,0,0,0,0,0,0,0,0,0,0,48,0,48
Moods Allnight 12's 120/-,PCS,10,48,0,192,160,44,200,0,140,0,80,0,874
MOODS ALLNIGHT 20's 180/-,PCS,10,121,0,112,60,0,180,30,37,10,90,0,650
Moods Allnight 3's  30/,PCS,0,0,0,120,360,0,180,300,360,420,480,0,2220
MOODS CHOCOLATE 12's 120/-,PCS,4,14,0,180,240,32,48,0,20,0,0,0,538
Moods Chocolate 3's  30/,PCS,0,0,0,240,1320,0,60,60,1680,0,0,0,3360
MOODS DEO IGNYTE 200ML 220/-,PCS,0,120,0,48,0,0,0,0,0,0,0,0,168
MOODS DEO MISCHIF 200ML 220/-,PCS,0,125,0,48,0,4,18,0,0,0,0,0,195
MOODS DEO SEDUXN 200ML 220/-,PCS,0,120,0,48,0,0,0,0,0,0,0,0,168
MOODS DEO WYLD 200ML 220/-,PCS,0,120,0,48,0,0,0,0,0,0,0,0,168
MOODS DOTTED 12's 120/-,PCS,12,58,12,106,140,34,72,38,26,38,120,0,656
MOODS DOTTED 20's,PCS,0,87,0,112,80,0,120,20,0,10,20,0,449
Moods Dotted 3's  30/,PCS,0,0,0,60,420,0,360,360,720,480,1020,0,3420
Moods Eyecandy Allnight 10's 80/-,PCS,661,0,0,0,0,0,0,0,0,0,0,0,661
MOODS EYECANDY DOTTED 10's 80/,PCS,0,204,0,0,0,0,0,0,0,0,0,0,204
MOODS FEMALE CONDOM  VELVET20's 100/-,PCS,0,48,0,192,72,20,120,0,40,0,0,0,492
MOODS RIBBED 12's 120/-,PCS,24,157,0,132,140,0,60,0,20,0,0,0,533
Moods Silver 1500 Dots 12's Scented 150/,PCS,20,2,0,80,60,50,120,12,0,20,20,0,384
Moods Silver Electrify 12's 150/,PCS,3,154,8,112,80,38,0,0,80,0,60,0,535
Moods Silver Joyride 12's Scented 150/,PCS,0,7,0,92,100,0,0,0,20,0,60,0,279
Moods Silver Joyride 3's Scented 50/,PCS,12,0,0,0,0,0,0,0,0,0,0,0,12
MOODS STRAWBERRY 12's 120/-,PCS,60,56,6,172,140,20,160,6,40,26,160,0,846
MOODS STRAWBERRY 3's 30/-,PCS,0,0,0,120,540,0,480,60,720,0,180,0,2100
MOODS ULTRATHIN 12's 120/-,PCS,12,128,12,137,266,40,132,12,86,22,154,0,1001
MOODS ULTRATHIN 20's 180/-,PCS,0,318,0,104,50,0,88,20,30,0,50,0,660
MOODS ULTRATHIN 3's 30/-,PCS,0,0,0,240,420,0,360,540,180,0,600,0,2340
Moods Variety Pack 130/,PCS,20,48,0,150,208,38,120,0,100,0,100,0,784
Morton  RED CHILLI SAUCE 200G 45*36,PCS,0,-29,0,0,0,0,0,0,0,0,0,0,-29
Morton TOMATO KETCHUP 950G Pch 130*12,PCS,0,-9,0,0,0,0,0,0,0,0,0,0,-9
OLEEV ACTIVE - 1 LTR Pouch,PCS,66,0,0,28,0,0,280,0,-11,-8,0,0,355
OLEEV ACTIVE 5 LTR JAR,PCS,0,0,0,28,0,0,80,0,0,-1,0,0,107
Oleev Ex Virgin 1 Ltr 1499/-,PCS,0,0,0,0,-3,0,0,0,0,0,0,0,-3
Oleev Pomace 5 Ltr Tin,PCS,8,0,0,0,60,0,0,0,0,-4,0,0,64
PA 4X Voyage CORSICA COOL 120ml  349/-,PCS,0,0,-1,30,6,0,0,0,0,0,0,0,35
PA 4X Voyage SAVANNA FRESH 120ml  349/-,PCS,0,0,0,30,6,0,0,0,0,0,0,0,36
PA Apple Cider Shampoo RS 180ml,PCS,1200,1,8,0,0,0,0,0,0,0,0,0,1209
PA Asl Cool Blue Splash 50ml 150/-,PCS,0,0,3,15,6,1,0,0,0,0,0,0,25
PA Asl Good Morning Splash 50ml 150/-,PCS,19,32,15,36,29,0,0,0,0,0,0,0,131
PA BD Voyage Fuji Spice 135ml 210/-,PCS,0,0,-1,0,0,0,0,0,0,0,0,0,-1
PA Beer Shampoo Anti Dundruff 180ml,PCS,18,93,0,0,0,0,0,0,0,0,0,0,111
PA Beer Shampoo Anti Dundruff 350ml,PCS,0,2,0,47,38,0,0,0,0,0,0,0,87
PA Beer Shampoo Daily Shine 180ml,PCS,16,7,17,19,11,0,0,0,0,0,0,0,70
PA Beer Shampoo Daily Shine 350ml,PCS,4,4,0,0,0,0,0,0,0,0,0,0,8
PA Beer Shampoo Damage Free Hair 180ml,PCS,12,8,0,12,0,0,0,0,0,0,0,0,32
PA Beer Shampoo Damage Free Hair 350ml,PCS,18,48,0,52,34,0,0,0,0,0,0,0,152
PA Body Deo Alter Ego 100gm (Mrp 240/-),PCS,0,0,0,-1,0,0,0,0,0,0,0,0,-1
PA Body Deo Cool Blue 100gm (Mrp 225/-),PCS,0,4,6,8,4,0,0,0,0,0,0,0,22
PA Body Deo Good Morning 100gm 225/-,PCS,21,53,12,9,28,0,0,0,0,0,0,0,123
PA Body Deo Good Morning 220ml 319/-,PCS,11,2,9,29,25,0,0,0,0,0,0,0,76
PA Body Deo Storm 100gm 225/-,PCS,18,23,16,10,18,0,0,0,0,0,0,0,85
PA Body Deo Voyage 100gm 240/-,PCS,21,73,62,30,28,0,0,0,0,0,0,0,214
PA Body Frag Mystique 120ml 225/-,PCS,912,0,0,708,12,0,0,0,0,0,0,0,1632
PA Body Frag Zest 120ml 225/-,PCS,912,0,0,708,12,0,0,0,0,0,0,0,1632
PA Body Fragrance Alexander 120 ml 225,PCS,0,0,3,-1,0,0,0,0,0,0,0,0,2
PA Body Fragrance Marcus 150 ml  199/-,PCS,0,0,0,-1,0,0,0,0,0,0,0,0,-1
PA COOL BLUE Shaving Foam  200gm 185/-,PCS,0,0,0,0,0,1,0,0,0,0,0,0,1
PA Deo  Assorted (2+1) 150ml MRP450,PCS,46,176,127,55,198,-9,0,0,0,0,0,0,593
PA Deo Voyage Signature B2G1 500/-,PCS,77,188,89,107,211,0,0,0,0,0,0,0,672
PA EAUDE COLONGE 100ml 135/-,PCS,12,-1,6,0,0,0,0,0,0,0,0,0,17
PA GM Shaving Foam  200gm 185/-,PCS,2,0,2,2,9,0,0,0,0,0,0,0,15
PA Good Morning Ultimate 150ml 250/-,PCS,6,6,2,0,0,0,0,0,0,0,0,0,14
PA Grooming Kit GM Regular 599/-,PCS,6,3,18,0,32,0,0,0,0,0,0,0,59
PA Neo Per Deo Mega Pack 220ml 329/-,PCS,24,12,8,9,12,0,0,0,0,0,0,0,65
PA NEO PERFUME DEO 150Ml 250/-,PCS,12,24,18,0,6,0,0,0,0,0,0,0,60
PA Perfume Deo Impact Icon Mrp- 250,PCS,0,6,0,6,6,0,0,0,0,0,0,0,18
PA Perfume Deo Impact Magnifico  280/-,PCS,0,4,4,8,0,0,0,0,0,0,0,0,16
PA Perfume Deo Impact Regal 280/-,PCS,8,4,8,0,8,0,0,0,0,0,0,0,28
PA Perfumned Deo Trance 135ml 210/-,PCS,4,8,0,8,4,0,0,0,0,0,0,0,24
PA Prm. Talc Beauty (Twin Pack) 185/-,PCS,0,24,16,0,0,0,0,0,0,0,0,0,40
PA Prm. Talc Lavender (Twin Pack) 185/-,PCS,12,0,0,0,0,0,0,0,0,0,0,0,12
PA Prm. Talc SANDAL (Twin Pack) 185/-,PCS,12,0,0,0,0,0,0,0,0,0,0,0,12
PA SC Classic 80g+Brush  100/,PCS,1152,0,0,0,0,0,0,0,0,0,0,0,1152
PA SC Good Morning 80g+Brush  100/,PCS,1008,0,0,0,0,0,0,0,0,0,0,0,1008
PA Shaving Brush Silver 90/-,PCS,12,10,0,-1,0,0,0,0,0,0,0,0,21
PA Shaving Cream  Classic  75/-,PCS,15,121,48,35,54,0,0,0,0,0,0,0,273
PA Shaving Cream Cool Blue70gm 75/-,PCS,26,144,72,83,39,0,0,0,0,0,0,0,364
PA Shaving Cream Good Morning 70gm 75/-,PCS,56,52,80,78,80,0,0,0,0,0,0,0,346
PA Shaving Foam Good Morning 420gm 230/-,PCS,0,0,-1,-1,0,0,0,0,0,0,0,0,-2
PA Sig Coll Discover 150ml 250/-,PCS,30,1046,251,378,164,0,0,0,0,0,0,0,1869
PA Soap Cool Blue (3+1)125 gm 210/-,PCS,12,123,18,3,30,0,0,0,0,0,0,0,186
PA Soap Cool Blue 125 gm 50/-,PCS,48,42,55,96,37,0,0,0,0,0,0,0,278
PA Soap Good Morning (3+1)125 gm 210/-,PCS,6,0,0,0,0,0,0,0,0,0,0,0,6
PA Soap Good Morning 125gm 53/-,PCS,10,20,19,40,13,0,0,0,0,0,0,0,102
PA Soap Luxury (3+1)125 gm 210/-,PCS,37,153,11,22,38,0,0,0,0,0,0,0,261
PA Soap Luxury 125 gm 70/-,PCS,0,24,48,0,48,0,0,0,0,0,0,0,120
PA Soap Storm 125gm 50/-,PCS,0,6,4,6,6,0,0,0,0,0,0,0,22
PA Sportz Force 150ml 250/-,PCS,0,936,0,576,0,0,0,0,0,0,0,0,1512
PA Sportz Power 150ml 250/-,PCS,0,0,0,-2,0,0,0,0,0,0,0,0,-2
PA Sportz Style 150ml 250/-,PCS,936,0,0,429,0,0,0,0,0,0,0,0,1365
PA Sportz Style+Force 150ml*2  250/-,PCS,0,-1,186,65,140,0,0,0,0,0,0,0,390
PA Voyage Perfume  Amazon Woods120ml,PCS,0,0,0,24,17,0,0,0,0,0,0,0,41
PA Voyage Perfume Spray 220ml 329/-,PCS,106,36,43,51,31,0,0,0,0,0,0,0,267
POPCORN-BUTTER LOVERS 40GM 10/-,PCS,0,0,0,0,0,0,0,0,120,0,0,0,120
POPCORN-CLASSIC SALTED 40 GM 10/-,PCS,0,0,0,0,0,0,0,0,120,0,0,0,120
POPCORN-GOLDEN CRUNCH 40GM 10/-,PCS,0,0,0,0,0,0,0,0,120,0,0,0,120
POPCORN-MIXIN  PERI PERI-60GM 30/-,PCS,0,0,0,0,0,0,0,0,126,0,0,0,126
POPCORN-MIXIN CHEESE BURST-60GM 30/-,PCS,0,0,0,0,0,0,0,0,41,0,0,0,41
POPCORN-MIXIN DESI COCKTAIL-60GM 30/-,PCS,0,0,0,0,0,0,0,0,-27,0,0,0,-27
POPCORN-MIXIN TOMATO SALSA-60GM 30/-,PCS,0,0,0,0,0,0,0,0,43,0,0,0,43
RIO REGULAR SANI COMFY W NAPKIN 7's*72,PCS,0,72,0,144,144,144,0,0,0,0,0,0,504
RIO REGULAR SANI COMFY W NAPKIN 8's*72,PCS,0,0,0,72,0,0,0,0,0,0,0,0,72
RIO REGULAR SANI COTTONY NAPKIN 7's*72,PCS,0,0,0,72,0,0,0,0,0,0,0,0,72
RIO SANI NAPKIN COTTONY XL 6's*72,PCS,0,72,0,72,0,0,0,0,0,0,0,0,144
RUCHIS NUTRELA SOYA CHUNK (200G),PCS,60,120,0,236,300,180,240,60,240,120,300,0,1856
RUCHIS NUTRELA SOYA CHUNK 1KG,PCS,0,-1,0,44,0,0,12,0,0,25,44,0,124
RUCHIS NUTRELA SOYA CHUNK MINI (200G),PCS,0,300,0,420,300,237,240,120,300,180,300,0,2397
RUCHIS NUTRELA SOYAGRANULES-200G,PCS,0,120,0,179,180,120,180,60,270,120,240,0,1469
S Nacho Classic Salted 150G (1*15) 90/-,PCS,0,0,48,24,24,70,73,36,0,66,12,0,353
S NACHO COMBI 55G*3+1 DIP 215G 120/-,PCS,0,0,0,0,276,228,25,156,210,-36,72,0,931
S Nacho Creamy Cheese 150G (1*15) 90/-,PCS,0,85,23,18,140,478,71,72,213,192,120,0,1412
S Nacho Creamy Cheese 40G+DIP35 60/-,PCS,0,0,0,0,0,0,0,0,56,0,0,0,56
S Nacho Creamy Cheese 40G+DIP35 90/-,PCS,0,0,0,56,0,0,1,0,0,0,28,0,85
S Nacho Creamy Cheese 60G (1*40) 35/-,PCS,-4,80,40,36,80,18,65,77,12,12,23,0,439
S Nacho Crunchy Pizza 150G (1*15) 90/-,PCS,0,0,0,-56,0,0,49,24,0,0,0,0,17
S Nacho Crunchy Pizza 60G (1*48) 35/-,PCS,0,40,0,-23,-32,0,12,80,0,0,0,0,77
S Nacho Jalpino 40G+DIP35 (1*56) 70/-,PCS,0,0,0,0,0,368,0,112,168,56,224,0,928
S Nacho Jalpino 40G+DIP35 (1*56) 90/-,PCS,0,0,0,112,0,48,-1,-2,112,1,28,0,298
S Nacho Mexican Chilli 150G (1*15) 90/-,PCS,0,71,-24,96,24,22,53,45,14,33,0,0,334
S Nacho Mexican Chilli 60G (1*40) 35/-,PCS,23,88,-36,96,64,18,-22,0,-29,-15,40,0,227
S Nacho Peri Peri 150G (1*15) 90/-,PCS,-4,24,0,0,0,0,27,0,0,24,12,0,83
S Nacho Peri Peri 40G+DIP35 90/-,PCS,0,0,0,0,0,0,1,0,0,0,0,0,1
S Nacho Peri Peri 60G (1*48) 35/-,PCS,-16,0,0,0,0,0,40,0,0,0,0,0,24
S Nacho Peri Peri With Dip 65G 70/-,PCS,534,56,672,436,224,508,7,336,224,156,112,0,3265
S Nacho Tangy Tomato 150G(1*24) 90/-,PCS,0,-15,0,0,0,0,0,0,0,0,0,0,-15
S Nacho Zesty Jalapeno 150G (1*15) 90/-,PCS,-54,48,35,-90,42,22,42,0,48,12,24,0,129
S Nacho Zesty Jalapeno 60G*40 35/-,PCS,0,80,40,0,0,0,129,-3,0,0,0,0,246
S Salsa Dip 300Gm (1*12) 150/-,PCS,484,460,255,544,336,486,396,468,144,84,36,0,3693
S Seasoning Mix Fajita 30Gm (1*30) 55/-,PCS,0,0,0,0,0,0,0,0,36,0,0,0,36
S Seasoning Mix Peri Peri  80Gm 36*120/-,PCS,-20,0,0,0,0,0,0,0,0,0,0,0,-20
S Seasoning Mix TACO 80Gm (1*36) 120/-,PCS,0,0,0,-1,0,0,36,72,72,24,0,0,203
S Seasoning Mix WRAP 80Gm (1*36) 120/-,PCS,29,0,0,-3,0,0,36,72,0,24,0,0,158
S TACO DINNER KIT (1*10) 240/-,PCS,0,-1,0,0,0,0,0,0,0,0,0,0,-1
S Taco Sause Hot 283Gm (1*12) 130/-,PCS,0,-2,0,0,0,0,0,0,0,0,0,0,-2
S TACO Shell (1*12) 180/-,PCS,240,329,179,385,306,352,325,380,524,469,192,0,3681
S TACO Shell Mini (1*12) 120/-,PCS,156,203,120,228,180,285,168,252,250,264,132,0,2238
S TORTILLA DINNER KIT (1*10) 299/-,PCS,0,-2,0,0,0,0,0,0,0,0,0,0,-2
S Wrap Salsa Sause Hot 283Gm (1*12) 130/,PCS,0,-5,0,0,0,0,0,0,0,0,0,0,-5
S Wrap Tortilla  (1*12) 195/-,PCS,3011,6119,2290,4212,3576,4500,3948,3442,3763,3831,1908,0,40600
S Wrap Tortilla  Multigrain 199/-,PCS,0,0,0,0,0,276,493,564,540,420,384,0,2677
SKORE CONDOMS BANANA 10'S PACK,PCS,6,7,4,4,6,0,4,4,0,0,0,0,35
SKORE CONDOMS BLUES 10'S PACK,PCS,10,4,6,4,54,6,48,148,0,94,0,0,374
SKORE CONDOMS CHOCOLATE 10'S PACK,PCS,22,73,22,58,13,120,4,99,99,78,4,0,592
SKORE CONDOMS COOL WATERMELON 10'S PACK,PCS,6,60,0,24,12,70,0,0,30,24,24,0,250
SKORE CONDOMS DOTS 10'S PACK,PCS,5,4,0,6,0,6,0,8,0,4,4,0,37
SKORE CONDOMS DUOMAX 10'S PACK,PCS,48,48,24,48,36,78,96,100,30,186,-4,0,690
SKORE CONDOMS FLAVOURS 20'S PACK,PCS,0,0,0,6,6,0,3,4,0,2,0,0,21
SKORE CONDOMS NOT OUT 10'S PACK,PCS,6,54,107,3,189,127,159,150,87,120,54,0,1056
SKORE CONDOMS NOTOUT 20'S PACK,PCS,107,6,0,0,6,4,0,0,0,0,6,0,129
SKORE CONDOMS ORANGE 10'S PACK,PCS,72,6,60,0,52,76,72,0,24,0,24,0,386
SKORE CONDOMS SHADES 10'S PACK,PCS,48,114,16,52,64,72,100,24,72,54,0,0,616
SKORE CONDOMS STRABERRY 10'S PACK,PCS,18,82,21,55,174,84,48,145,33,57,36,0,753
SKORE FLAVOURED LUBE CHERRY  50 ML 300/-,PCS,0,0,0,0,4,0,0,31,0,25,-19,0,41
SKORE FLAVOURED LUBE STRAWBERRY 50ML 300,PCS,0,0,0,0,0,0,0,0,0,4,0,0,4
SKORE MSCHIEF CLASSIC LUBRICANT 75ML,PCS,0,1,0,0,6,0,0,0,6,0,0,0,13
SKORE MSCHIEF MSTIQUE STIMULANT GEL,PCS,0,0,0,0,0,0,0,0,6,0,0,0,6
SKORE MSCHIEF RIBBED DOTTED 10PK 200/-,PCS,0,0,0,0,0,0,0,0,6,0,0,0,6
SKORE MSCHIEF TEA & PEACH LUBRICANT 75ML,PCS,0,0,0,0,0,0,0,0,6,0,0,0,6
SKORE MSCHIEF ULTRATHIN 10PK 200/-,PCS,0,0,0,0,0,0,0,0,6,0,0,0,6
SKORE MSCHIEF VANILA CTR LUBRICANT 75ML,PCS,0,0,0,0,0,0,0,0,6,0,0,0,6
SKORE NOTHING CHOCOLATE 10'S PACK,PCS,0,6,0,4,0,4,0,120,0,8,0,0,142
SKORE NOTHING STRABERRY 10'S PACK,PCS,0,0,0,0,6,0,0,144,0,2,0,0,152
SKORE OH PLEASURE GEL,PCS,0,0,0,-2,0,0,0,0,0,0,0,0,-2
SKORE PHEROMONE ACT DEO 150ML 300/-,PCS,0,0,0,0,0,0,0,128,0,0,0,0,128
SKORE SENSATIONAL  LUBE COOL  50 ML,PCS,0,4,0,0,0,0,0,132,0,25,0,0,161
SKORE SENSATIONAL  LUBE WARM  50 ML,PCS,0,4,0,0,0,0,0,0,0,6,0,0,10
SKORE SKINTHIN 10'S PK (10'S PK X 24 IN),PCS,9,1,11,17,12,15,0,131,4,0,14,0,214
SKORE TIMELESS 10'S PK (10'S PK X 24 IN),PCS,6,0,0,0,0,0,0,120,0,0,0,0,126
SKORE VIBERTING RING VYBES 1600/-,PCS,0,0,0,-1,0,0,0,0,0,0,0,0,-1
SKORE ZIGZAG 10'S PK (10'S PK X 24 IN),PCS,7,12,14,4,18,14,1,18,2,5,8,0,103
SOFTSENS BABY CRM MILK BTTR 100G-T,PCS,120,168,168,144,120,0,96,240,168,384,96,0,1704
SOFTSENS BABY DIAPER RASH CRM 50G,PCS,0,0,0,0,96,96,0,0,24,120,0,0,336
SOFTSENS BABY LOTION 200ML 165/-,PCS,144,168,120,144,120,48,192,96,240,360,0,0,1632
SOFTSENS BABY LOTION 400ML 290/-,PCS,120,48,72,96,72,216,120,240,192,360,48,0,1584
SOFTSENS BABY MASAG OIL O&VE 200ML,PCS,0,0,0,120,24,0,0,0,24,48,0,0,216
SOFTSENS BABY MILK SOAPS 100 g x3 199/-,PCS,312,408,264,503,360,432,384,504,432,552,120,0,4271
SOFTSENS BABY NATURALS SOAPS 100 g x3,PCS,120,264,120,432,168,360,336,240,216,456,24,0,2736
SOFTSENS BABY NOURISHING SOAPS 100 g x3,PCS,168,240,168,216,168,360,288,216,264,240,120,0,2448
SOFTSENS BABY POWDER 200g 130/-,PCS,0,600,0,336,168,240,480,384,240,384,216,0,3048
SOFTSENS BABY SHAMPOO 200ML 175/-,PCS,0,192,168,144,168,120,168,96,168,432,24,0,1680
SOFTSENS BABY WSH WT NM&SBTR 200ML,PCS,0,0,0,96,24,0,0,0,48,24,0,0,192
SOFTSENS BABYWIPES 72S 230/-,PCS,384,312,264,408,312,528,288,552,720,864,312,0,4944
SOFTSENS CREME OIL SOAPS 100 g x3 120/-,PCS,0,72,0,120,0,0,0,0,24,0,0,0,216
SOFTSENS SPF30 WR SUNBLOCK F&B 50G-T,PCS,0,0,288,120,0,24,48,24,0,24,0,0,528
Streax Color Lock Hair Serum 100m,PCS,0,4,0,0,0,0,0,0,0,0,0,0,4
Streax Hair Color Burgundy 3.16,PCS,0,0,0,0,360,0,0,0,0,0,0,0,360
Streax Hair Color Dark Brown 3 No 149/-,PCS,0,0,0,36,0,0,0,0,0,0,0,0,36
Streax Hair Color Natural Black 1No 160/,PCS,9,43,37,5,1,0,0,0,0,0,0,0,95
Streax Hair Color Smart D Brown 25/-,PCS,0,0,192,0,0,0,0,0,0,0,192,0,384
Streax Hair Serum 100m 299/-,PCS,1723,1861,2138,468,691,396,648,492,610,482,282,0,9791
Streax Hair Serum 45m,PCS,1549,1833,2006,886,142,124,0,0,0,0,0,0,6540
Streax HC - 45 ml Dark Brown 30/-,PCS,192,0,0,0,0,0,0,0,0,0,0,0,192
Streax HC - 45 ml Golden Blonde 35/-,PCS,-1,0,0,0,0,0,0,0,0,0,0,0,-1
Streax HC - 60 ml Black Brown Mini 65/-,PCS,72,0,0,0,0,0,0,0,0,0,0,0,72
Streax HC - 60 ml Dark Brown Mini 65/-,PCS,0,0,0,72,0,0,0,0,0,0,0,0,72
Streax HC - 60 ml Golden Blonde Mini 70/,PCS,72,72,0,0,0,0,0,0,0,0,0,0,144
Streax HC - 60 ml N Black Mini 65/-,PCS,0,0,0,72,0,0,0,0,0,0,0,0,72
Streax HC - 60 ml N Brown Mini 65/-,PCS,0,72,0,72,0,0,0,0,0,0,0,0,144
Streax HC  Ultralight Purple 160/-,PCS,0,-3,0,0,0,0,0,0,0,0,0,0,-3
Streax HC  Ultralight Vibrant Red 160/-,PCS,10,0,0,0,0,0,0,0,0,0,0,0,10
Streax HC Smart Burgundy 25/-,PCS,192,0,0,0,0,0,0,0,0,0,0,0,192
Streax HC Ultralights Soft RED 175/-,PCS,0,48,0,0,0,0,0,0,0,0,0,0,48
Streax Insta HC Dark Brown 25/-,PCS,960,2304,1152,384,0,0,0,0,0,192,0,0,4992
Streax Insta HC N Black  25/-,PCS,3072,768,1152,192,0,0,0,0,0,192,0,0,5376
Streax Insta HC N Black  25ml,PCS,192,0,0,0,0,0,0,0,0,144,0,0,336
Streax Insta HC N Brown 25/-,PCS,192,0,0,0,0,0,0,0,0,0,0,0,192
Streax Insta Shampoo HC Burgundy 25/-,PCS,252,192,0,0,0,0,0,0,0,0,0,0,444
Streax Insta Shampoo HC D Brown 25ml 39/,PCS,6867,6177,2407,2031,2717,2880,1536,2688,1920,2112,1488,0,32823
Streax Insta Shampoo HC N Black 15ml 25/,PCS,7536,7336,1569,3071,5756,6720,5376,6336,5760,4800,3840,0,58100
Streax Insta Shampoo HC N Black 25ml 39/,PCS,0,0,0,0,0,0,0,0,0,144,288,0,432
Streax Insta Shampoo HC N Brown 15ml 25/,PCS,3856,5613,4800,192,2304,2304,3264,3264,2496,2688,2112,0,32893
Streax Luscious Long Conditioner 249/--,PCS,0,-21,0,0,0,0,0,0,0,0,0,0,-21
Streax Luscious Long Shampoo 190/-,PCS,0,-2,0,0,0,0,0,0,0,0,0,0,-2
Streax TLC  Dark Brown 170m No3,PCS,58,48,48,48,0,0,0,0,0,0,0,0,202
Streax TLC D Brown Mini 225/-,PCS,216,72,108,96,0,24,0,0,0,0,0,0,516
Streax TLC N Black 170ml 1 No,PCS,72,48,0,24,0,0,0,0,0,0,0,0,144
Streax TLC N Black Mini 225/-,PCS,252,36,133,25,-12,0,0,0,0,0,0,0,434
Streax Ultralight Cappuccino Brown 160/-,PCS,0,48,0,-1,0,0,0,0,0,0,0,0,47
Streax Ultralight Green Emerald 160/-,PCS,0,-12,0,0,5,0,0,0,0,0,0,0,-7
Streax Ultralight Hazel Brown 160/-,PCS,16,0,0,0,0,0,0,0,0,0,0,0,16
Streax Ultralight Mocha Brown 160/-,PCS,-1,-1,0,0,0,0,0,0,0,0,0,0,-2
Super Vasmol Kesh kala-33 100ml,PCS,1152,2400,914,588,96,288,672,864,480,288,96,0,7838
Super Vasmol Kesh kala-33 50ml,PCS,402,210,12,192,24,24,0,12,0,0,0,0,876
TB BABY DIAPERS PANTS EASY NEWBORN 5s,PCS,0,0,0,120,0,80,40,240,120,40,0,0,640
TB DIAPERS PANTS EASY L 42s*6,PCS,-3,0,0,0,0,0,0,0,0,0,0,0,-3
TB DIAPERS PANTS EASY LARGE 30s*8,PCS,0,0,24,352,40,552,48,440,408,848,200,0,2912
TB DIAPERS PANTS EASY LARGE 5s*40,PCS,0,40,0,0,0,0,0,0,0,0,0,0,40
TB DIAPERS PANTS EASY LARGE 62s*6,PCS,0,0,0,0,0,0,12,0,0,0,0,0,12
TB DIAPERS PANTS EASY M 34s*8,PCS,0,0,64,616,224,1384,128,992,1080,1760,664,0,6912
TB DIAPERS PANTS EASY MEDIUM 5s*40,PCS,0,40,0,0,0,0,0,0,0,0,0,0,40
TB DIAPERS PANTS EASY MEDIUM 74s*6,PCS,0,0,0,0,0,0,12,0,0,0,0,0,12
TB DIAPERS PANTS EASY MEDIUM 9S*24,PCS,0,24,0,0,0,0,0,0,0,0,0,0,24
TB DIAPERS PANTS EASY SMALL 10s*24,PCS,0,0,48,0,0,0,0,0,0,0,0,0,48
TB DIAPERS PANTS EASY SMALL 42s*8,PCS,0,0,83,903,168,752,624,3080,2720,4504,1784,0,14618
TB DIAPERS PANTS EASY SMALL 78s*4,PCS,0,0,0,0,0,0,12,0,0,0,0,0,12
TB DIAPERS PANTS EASY XL 26s*8,PCS,0,8,0,128,0,72,16,96,88,176,64,0,648
TB SNUGGY BABY DIAPER PANTS L30s*8,PCS,0,0,0,16,24,0,0,48,0,0,0,0,88
TB SNUGGY BABY DIAPER PANTS M34s*8,PCS,0,0,0,16,0,240,0,0,0,0,0,0,256
TB SNUGGY BABY DIAPER PANTS S42s*8,PCS,0,0,0,48,16,8,0,0,0,0,0,0,72
TB SNUGGY BABY DIAPER PANTS XL28s*8,PCS,0,0,0,24,0,8,0,0,0,0,0,0,32
TB SNUGGY BABY PANTS NEWBORN 18s*24,PCS,0,0,0,48,0,48,0,0,0,0,0,0,96
TB WET WIPES WITH LID 72S*24,PCS,0,48,0,120,48,120,0,0,240,120,48,0,744
TOPS BAKING POWDER (400GM X 12) HDPE - 9,PCS,0,0,0,0,12,0,0,0,0,0,0,0,12
TOPS CHOCO FLAKES (24GM X 180) - 10,PCS,0,0,0,0,0,0,0,0,-48,0,0,0,-48
TOPS CORN FLAKES (500G*2*6) QS Box 150,Box,0,0,0,0,0,0,0,0,0,0,5,0,5
TOPS CORN FLAKES (500GM X 12) POUCH - 14,PCS,0,0,0,78,390,156,252,0,-14,0,0,0,862
TOPS CORN FLAKES (500GM*12) POUCH BOX,Box,0,0,0,0,0,0,0,0,15,0,1,0,16
TOPS CUSTARD VANILLA (100+30GM X 60)-45,PCS,0,0,0,0,0,0,0,0,-7,0,0,0,-7
TOPS CUSTARD VANILLA (500G*24JAR) BOX,Box,0,0,0,0,0,0,0,1,0,0,0,0,1
TOPS CUSTARD VANILLA (500GM X 24) (RP) -,PCS,0,0,0,0,216,72,144,0,0,0,0,0,432
TOPS CUSTARD VANILLA (500GM X 24) PET JA,PCS,0,0,0,0,0,0,96,0,0,0,0,0,96
TOPS CUSTARD VANILLA (500GM*24R) BOX,Box,0,0,0,0,0,0,0,4,7,60,13,0,84
TOPS DRINKING CHOCOLATE (100GM X 48) BOX,Box,0,0,0,0,0,0,5,5,1,7,2,0,20
TOPS GOLD PKL MIX (4.5KG*4)JAR -BOX 400,Box,0,0,0,0,0,0,0,17,89,78,4,0,188
TOPS HONEY BLISTER 15G*360,Box,0,0,0,0,0,0,0,0,0,0,2,0,2
TOPS HONEY BLISTER 15G*45*8 Single,PCS,0,0,0,0,0,0,0,0,0,0,20,0,20
TOPS INST. MIX GULAB JAMUN (500GX24)BOX,Box,0,0,0,0,0,0,0,2,0,0,0,0,2
TOPS INSTANT MIX GULAB JAMUN (500GM X 24,PCS,0,0,0,0,0,480,0,0,0,0,0,0,480
TOPS JAM MIX (12GM X 1152) POUCH 2/-,PCS,0,0,0,0,10368,13824,0,0,0,0,0,0,24192
TOPS JAM MIX (12GM X 1152) POUCH BOX,Box,0,0,0,0,0,0,20,0,0,5,11,0,36
TOPS JAM MIX (15GMX8X125) BLISTER - 3.5,PCS,0,0,0,0,1000,1000,0,0,0,0,20,0,2020
TOPS JAM MIX (15GX8X125)BLISTER  BOX 3.5,Box,0,0,0,0,0,0,0,0,2,14,4,0,20
TOPS JAM MIX (200GM X 24) - 75,PCS,0,0,0,0,24,0,120,0,0,0,0,0,144
TOPS JAM MIX (200GM X 24) 1800/- BOX,Box,0,0,0,0,0,0,5,0,0,0,0,0,5
TOPS JAM MIX (5KG X 4) HDPE - 465,PCS,0,0,0,0,176,352,24,0,0,0,0,0,552
TOPS JAM MIX (5KG X 4) HDPE - 465 (BOX),Box,0,0,0,0,0,0,79,50,29,66,50,0,274
TOPS JAM MIX (875GM X 12) BOX - 225,Box,0,0,0,0,0,0,0,1,3,1,1,0,6
TOPS JAM MIX (875GM X 12) HDPE - 225,PCS,0,0,0,0,0,12,24,0,0,0,0,0,36
TOPS JAM ORANGE MARMALADE (475G*12)BOX,Box,0,0,0,0,0,0,0,0,2,0,1,0,3
TOPS JAM PINEAPPLE (875GM X 12) BOX 205/,Box,0,0,0,0,0,0,0,0,1,0,0,0,1
TOPS NAV G CHILLI PKL (4.5KGX4) 370 Box,Box,0,0,0,0,0,0,0,0,0,0,39,0,39
TOPS NAV MIXED PICKLE (375GM X 24) - 75,PCS,0,0,0,0,0,0,0,0,-12,0,0,0,-12
TOPS NAV MIXED PICKLE (4.5KG X 4) - 370,PCS,0,0,0,238,812,922,476,0,-6,0,0,0,2442
TOPS NAV MIXED PICKLE (4.5KGX4) 370 Box,Box,0,0,0,0,0,0,123,238,271,248,255,0,1135
TOPS NAV MIXED PICKLE (900GM X 12) - 155,PCS,0,0,0,0,163,0,0,0,0,0,0,0,163
TOPS NOODLE PLAIN (300GM X 24) - 60,PCS,0,0,0,0,0,0,480,0,0,0,0,0,480
TOPS NOODLE PLAIN (700GM X 18) - 85 BOX,Box,0,0,0,0,0,0,277,214,255,107,153,0,1006
TOPS NOODLE PLAIN (700GM X 18) - 85 TOP,PCS,0,0,0,0,3492,2628,0,0,0,0,0,0,6120
TOPS PICKLE MIX (06GM X 1008) POUCH 1Box,Box,0,0,0,0,0,0,60,16,78,0,0,0,154
TOPS PICKLE MIX (07GM X 1008) POUCH Rs1,PCS,0,0,0,144,5040,5040,0,0,0,0,28,0,10252
TOPS PICKLE MIX (4.5KG X 4) JAR - 400,PCS,0,0,0,0,16,96,136,0,0,0,0,0,248
TOPS PKL GOLD G.CHILLI (900GMX12)JAR 195,PCS,0,0,0,0,204,24,300,0,0,0,0,0,528
TOPS PKL GOLD G.CHILLI (900GX12)JAR Box,Box,0,0,0,0,0,0,6,43,41,11,33,0,134
TOPS PKL GOLD GARLIC (375G*12)-190 BOX,Box,0,0,0,0,0,0,0,5,3,1,5,0,14
TOPS PKL GOLD GARLIC (375GM X 12)-190 PE,PCS,0,0,0,0,0,0,0,0,-14,0,0,0,-14
TOPS PKL GOLD LIME (900G*12J) BOX 195,Box,0,0,0,0,0,0,0,1,0,2,11,0,14
TOPS PKL GOLD LIME (900GM X 12) JAR - 19,PCS,0,0,0,0,0,12,12,12,0,0,0,0,36
TOPS PKL GOLD MANGO (375GM X 24) - 135PE,PCS,0,0,0,0,0,0,0,0,-38,0,0,0,-38
TOPS PKL GOLD MANGO (900G X 12J) Box,Box,0,0,0,0,0,0,2,34,3,26,11,0,76
TOPS PKL GOLD MANGO (900GM X 12) JAR 195,PCS,0,0,0,0,102,0,0,0,0,0,0,0,102
TOPS PKL GOLD MG SWEET CHUTNEY (450X12)1,PCS,0,0,0,0,24,0,0,0,0,0,0,0,24
TOPS PKL GOLD MG SWEETCHUTNEY(450*12)BOX,Box,0,0,0,0,0,0,0,0,10,0,0,0,10
TOPS PKL GOLD MIX (15G*800) BLISTER BOX,Box,0,0,0,0,0,0,0,7,12,1,9,0,29
TOPS PKL GOLD MIX (15GM X 800) BLISTER -,PCS,0,0,0,0,0,6400,800,0,0,0,20,0,7220
TOPS PKL GOLD MIX (900G X 12) (1+1)-275,PCS,0,0,0,0,48,0,0,0,0,0,0,0,48
TOPS PKL GOLD MIX (900GM X 12) 195/-,PCS,0,0,0,0,396,132,60,0,0,0,0,0,588
TOPS PKL GOLD MIX (900GM X 12) 195/- Box,Box,0,0,0,0,0,0,0,69,5,36,2,0,112
TOPS PKL GOLD ST RED CHILLI (900GM) Box.,Box,0,0,0,0,0,0,1,2,0,0,8,0,11
TOPS PKL GOLD ST. RED CHILLI (900*12)315,PCS,0,0,0,0,12,60,0,0,-1,0,-1,0,70
TOPS PKL GOLD SWEET LIME (950G*12J) BOX,Box,0,0,0,0,0,0,0,1,0,1,0,0,2
TOPS PKL GOLD SWEET LIME (950GM X 12) JA,PCS,0,0,0,0,0,0,0,36,0,0,0,0,36
TOPS SAUCE-CONTI (950G*16)-90 BOX HDPE,Box,0,0,0,0,0,0,0,0,0,31,16,0,47
TOPS SAUCE-CONTINENTAL (945GMX12) - 60 P,PCS,0,0,0,0,0,0,0,0,-2,0,0,0,-2
TOPS SAUCE-CONTINENTAL(1.14KX12)-110 BoX,Box,0,0,0,0,0,0,175,175,150,124,126,0,750
TOPS SAUCE-CONTINENTAL(1.14KX12)-110/-,PCS,0,0,0,900,2100,1248,0,-23,0,0,0,0,4225
TOPS SAUCE-CONTINENTAL(945GMX12)-90 BOX,Box,0,0,0,0,0,0,19,10,0,0,0,0,29
TOPS SAUCE-CONTINENTAL(950GMX16)-90 TOP,PCS,0,0,0,0,0,0,0,0,0,0,1,0,1
TOPS SAUCE-DARK SOYA (740GM X 18) BOX 75,Box,0,0,0,0,0,0,0,0,0,20,0,0,20
TOPS SAUCE-GREEN CHILLI (08G X 1296) BOX,Box,0,0,0,0,4,3,1,0,0,0,0,0,8
TOPS SAUCE-GREEN CHILLI (08GM X 1296) PC,PCS,0,0,0,144,0,0,0,0,0,0,0,0,144
TOPS SAUCE-GREEN CHILLI (200GM X 24) - 6,PCS,0,0,0,0,0,0,0,0,-9,0,0,0,-9
TOPS SAUCE-GREEN CHILLI (650GM X 18) HDP,PCS,0,0,0,18,1168,216,614,0,-132,0,0,0,1884
TOPS SAUCE-GREEN CHILLI (650GM*18) BOX,Box,0,0,0,0,0,0,34,69,74,22,90,0,289
TOPS SAUCE-GREEN CHILLI(1.15KGX12) 108/-,PCS,0,0,0,351,1508,1776,1032,0,-12,0,0,0,4655
TOPS SAUCE-GREEN CHILLI(1.15KGX12) Box.,Box,0,0,0,0,0,0,127,100,96,234,70,0,627
TOPS SAUCE-RED CHILLI (1.15 KG X 12) BOX,Box,0,0,0,0,0,0,0,6,86,92,25,0,209
TOPS SAUCE-RED CHILLI (1.15 KG X 12) HDP,PCS,0,0,0,195,240,264,876,0,0,0,0,0,1575
TOPS SAUCE-RED CHILLI (200GM X 24) - 65,PCS,0,0,0,0,0,0,0,0,-6,0,0,0,-6
TOPS SAUCE-RED CHILLI (650GM X 18) HDPE,PCS,0,0,0,228,306,90,306,-8,-203,0,0,0,719
TOPS SAUCE-RED CHILLI (650GM*18) BOX,Box,0,0,0,0,0,0,17,4,38,25,4,0,88
TOPS SAUCE-SNACK CLASSIC (1.18KGX12) BOX,Box,0,0,0,0,0,0,0,26,0,26,13,0,65
TOPS SAUCE-SNACK CLASSIC (1.18KGX12) HDP,PCS,0,0,0,0,300,156,156,0,0,0,0,0,612
TOPS SAUCE-SNACK CLASSIC (200GM X 24) -,PCS,0,0,0,0,120,0,120,0,0,0,0,0,240
TOPS SAUCE-SNACK CLASSIC (200GX24) BOX,Box,0,0,0,0,0,0,10,10,0,0,0,0,20
TOPS SAUCE-SNACK CLASSIC (465GM X 12) -,PCS,0,0,0,0,60,0,60,0,-12,0,0,0,108
TOPS SAUCE-SNACK CLASSIC (465GX12) BOX,Box,0,0,0,0,0,0,10,10,0,0,0,0,20
TOPS SAUCE-SNACK CLASSIC (950GM X 12)-12,PCS,0,0,0,0,725,804,396,-12,0,0,0,0,1913
TOPS SAUCE-SNACK CLASSIC (950GM X12)-BOX,Box,0,0,0,0,0,0,49,124,57,47,66,0,343
TOPS SAUCE-SNACK CLASSIC (970GM X 12)-15,PCS,0,0,0,0,0,0,0,0,-4,0,0,0,-4
TOPS SAUCE-SNACK DRESSING (1.18KG X 12),PCS,0,0,0,0,156,0,0,0,0,0,1,0,157
TOPS SAUCE-SOYA (1.3KG X 12) HDPE - 108,PCS,0,0,0,303,1040,636,12,0,-26,0,0,0,1965
TOPS SAUCE-SOYA (1.3KG X 12) HDPE - BOX,Box,0,0,0,0,0,0,77,68,74,122,42,0,383
TOPS SAUCE-SOYA (740GM X 18) HDPE - 85,PCS,0,0,0,0,1062,756,180,31,0,0,0,0,2029
TOPS SAUCE-SOYA (740GM X 18) HDPE -BOX,Box,0,0,0,0,0,0,30,54,68,41,35,0,228
TOPS SAUCE-T.K. (850GM*12) SPOUT140 BOX,Box,0,0,0,0,0,0,0,0,23,13,20,0,56
TOPS SAUCE-T.K. (900GM X 12) SPOUT - 140,PCS,0,0,0,0,180,300,384,48,0,0,1,0,913
TOPS SAUCE-T.K. (90GM X 96) SPOUT - 10,PCS,0,0,0,0,960,1920,1920,0,0,0,0,0,4800
TOPS SAUCE-T.K. (90GM*96) SPOUT( BOX)10/,Box,0,0,0,0,0,0,0,10,0,0,0,0,10
TOPS SAUCE-T.K.(08GMX1296)PCH-1-HRC-SNGL,PCS,0,0,0,51984,202176,0,0,0,0,0,30,0,254190
TOPS SAUCE-T.K.(08GMX1296)PCH-Box-HRC,Box,0,0,0,0,68,211,96,154,297,350,66,0,1242
TOPS SAUCE-TOMATO KETCHUP (1.2 KG X 12),PCS,0,0,0,0,480,888,768,0,0,0,0,0,2136
TOPS SAUCE-TOMATO KETCHUP (1KG X 12) - 1,PCS,0,0,0,0,600,204,600,0,-12,0,0,0,1392
TOPS SAUCE-TOMATO KETCHUP (1KG X 12)NONG,PCS,0,0,0,168,120,852,0,0,0,0,0,0,1140
TOPS SAUCE-TOMATO KETCHUP (200GM X 24) -,PCS,0,0,0,0,0,0,0,0,-80,0,0,0,-80
TOPS TOMATO KETCHUP (1.2KG*12NGB) BOX148,Box,0,0,0,0,0,0,25,80,181,52,70,0,408
TOPS TOMATO KETCHUP (1KG*12) 147/ BOX,Box,0,0,0,0,0,0,0,50,50,51,0,0,151
TOPS TOMATO KETCHUP (1KG*12GB) 147- BOX,Box,0,0,0,0,0,0,50,100,74,0,17,0,241
TOPS VERMICELLI PLAIN (800GM X 18) - 80,PCS,0,0,0,0,36,0,324,0,0,0,10,0,370
TOPS VERMICELLI ROASTED (825GM X 18) - 9,PCS,0,0,0,0,0,0,180,0,0,0,0,0,180
TOPS VINEGAR BROWN (610ML X 18) HDPE - 6,PCS,0,0,0,0,0,0,0,0,-179,0,0,0,-179
TOPS VINEGAR BROWN (610ML X 18) HDPE BOX,Box,0,0,0,0,0,0,17,0,0,0,4,0,21
TOPS VINEGAR WHITE (1 LTR X 12) 85/- BOX,Box,0,0,0,0,0,0,200,160,164,161,78,0,763
TOPS VINEGAR WHITE (1 LTR X 12) HDPE - 8,PCS,0,0,0,780,936,2172,12,0,0,0,0,0,3900
TOPS VINEGAR WHITE (610ML X 18) 65/-,PCS,0,0,0,456,2589,2910,54,612,0,0,0,0,6621
TOPS VINEGAR WHITE (610ML X 18)-65 Box,Box,0,0,0,0,0,0,204,136,237,193,168,0,938
Vasmol Shehnai Natural Heena -150gm,PCS,0,12,0,0,0,0,0,0,0,0,0,0,12
VICCO  DALCH TOOTHPASTE 160GM,PCS,0,360,60,420,0,360,360,420,540,600,300,0,3420
VICCO  SAUNF TOOTHPASTE 200GM,PCS,960,1260,1140,1500,1380,1440,1380,2400,2400,2460,1620,0,17940
VICCO NARAYANI CREAM 30G,PCS,0,180,0,0,0,0,0,0,0,60,0,0,240
VICCO SKIN CRM TURMERIC VTC 15G,PCS,132,180,157,174,258,495,174,159,198,93,36,0,2056
VICCO SKIN CRM TURMERIC VTC 30G,PCS,168,12,648,608,290,685,941,529,596,541,417,0,5435
VICCO SKIN CRM TURMERIC VTC 50G,PCS,240,120,120,840,360,510,450,360,380,360,240,0,3980
VICCO SKIN CRM TURMERIC VTC 70G,PCS,599,1,952,903,784,833,1086,805,1233,776,520,0,8492
VICCO SKIN CRM WSO 15G,PCS,162,0,0,114,51,144,132,150,129,213,0,0,1095
VICCO SKIN CRM WSO CRM 30G,PCS,720,0,1260,1260,1080,1620,1080,1440,1260,720,360,0,10800
VICCO SKIN CRM WSO CRM 60G,PCS,0,60,0,2,120,150,252,376,0,60,120,0,1140
VICCO Tur (S)Shaving Cream Foam Base 70g,PCS,60,0,0,120,0,0,0,0,0,0,0,0,180
VICCO TURMERIC CR FW FOAM  BASE 30g 40/-,PCS,0,0,0,0,0,0,180,0,0,0,0,0,180
VICCO VAJRADANTI PASTE 100 82/-,PCS,1680,1080,2280,2640,3360,2520,4440,3240,2760,3087,1279,0,28366
VICCO VAJRADANTI PASTE 150g 115/-,PCS,660,0,720,420,660,600,660,780,840,1080,204,0,6624
VICCO VAJRADANTI PASTE 200 137/-,PCS,1380,300,1020,1560,1560,2040,2100,2280,1980,2190,600,0,17010
VICCO VAJRADANTI PASTE 50G,PCS,180,0,0,0,0,0,6,72,448,192,180,0,1078
VICCO VAJRADANTI POWDER 100G,PCS,30,61,24,66,72,173,228,522,846,294,0,0,2316
VICCO VAJRADANTI POWDER 50G,PCS,540,228,48,156,156,564,588,180,720,552,648,0,4380
WOODWARDS GRIPE WATER 130ML,PCS,90,0,0,0,0,0,0,0,0,0,0,0,90
WOODWARDS GRIPE WATER 200ML,PCS,0,60,9,40,13,57,0,0,60,111,3,0,353
